,election,race,candidate,votes
0,2015 Municipal General - 2/24/15,Mayor,RAHM EMANUEL,218217
1,2015 Municipal General - 2/24/15,Mayor,WILLIE WILSON,50960
2,2015 Municipal General - 2/24/15,Mayor,ROBERT W. FIORETTI,35363
3,2015 Municipal General - 2/24/15,Mayor,JESUS ''CHUY'' GARCIA,160414
4,2015 Municipal General - 2/24/15,Mayor,"WILLIAM WALLS, III",13250
0,2015 Municipal General - 2/24/15,W45 Elected School Board,Yes,10624
1,2015 Municipal General - 2/24/15,W45 Elected School Board,No,1860
0,2015 Municipal General - 2/24/15,W46 Elected School Board,Yes,8253
1,2015 Municipal General - 2/24/15,W46 Elected School Board,No,1667
0,2015 Municipal General - 2/24/15,W47 Elected School Board,Yes,10127
1,2015 Municipal General - 2/24/15,W47 Elected School Board,No,1923
0,2015 Municipal General - 2/24/15,W49 Elected School Board,Yes,7438
1,2015 Municipal General - 2/24/15,W49 Elected School Board,No,1113
0,2015 Municipal General - 2/24/15,W50 Elected School Board,Yes,6101
1,2015 Municipal General - 2/24/15,W50 Elected School Board,No,1179
0,2015 Municipal General - 2/24/15,City Clerk,SUSANA A. MENDOZA,392099
0,2015 Municipal General - 2/24/15,City Treasurer,KURT A. SUMMERS,363446
0,2015 Municipal General - 2/24/15,Alderman 1st Ward,PROCO ''JOE'' MORENO,4205
1,2015 Municipal General - 2/24/15,Alderman 1st Ward,ANNE SHAW,2037
2,2015 Municipal General - 2/24/15,Alderman 1st Ward,ANDREW HAMILTON,310
3,2015 Municipal General - 2/24/15,Alderman 1st Ward,RONDA LOCKE,1680
0,2015 Municipal General - 2/24/15,Alderman 2nd Ward,STEPHEN NIKETOPOULOS,1232
1,2015 Municipal General - 2/24/15,Alderman 2nd Ward,BITA BUENROSTRO,1411
2,2015 Municipal General - 2/24/15,Alderman 2nd Ward,BRIAN HOPKINS,2889
3,2015 Municipal General - 2/24/15,Alderman 2nd Ward,ALYX S. PATTISON,2404
4,2015 Municipal General - 2/24/15,Alderman 2nd Ward,CORNELL WILSON,863
5,2015 Municipal General - 2/24/15,Alderman 2nd Ward,STACEY PFINGSTEN,1170
0,2015 Municipal General - 2/24/15,Alderman 3rd Ward,PAT DOWELL,7441
1,2015 Municipal General - 2/24/15,Alderman 3rd Ward,PATRICIA HORTON,2768
0,2015 Municipal General - 2/24/15,Alderman 4th Ward,TRACEY Y BEY,2862
1,2015 Municipal General - 2/24/15,Alderman 4th Ward,WILLIAM D. BURNS,6353
2,2015 Municipal General - 2/24/15,Alderman 4th Ward,NORMAN H BOLDEN,2214
0,2015 Municipal General - 2/24/15,Alderman 5th Ward,LESLIE A. HAIRSTON,5851
1,2015 Municipal General - 2/24/15,Alderman 5th Ward,TIFFANY N. BROOKS,891
2,2015 Municipal General - 2/24/15,Alderman 5th Ward,JOCELYN HARE,821
3,2015 Municipal General - 2/24/15,Alderman 5th Ward,ROBIN BOYD CLARK,599
4,2015 Municipal General - 2/24/15,Alderman 5th Ward,JEDIDIAH L. BROWN,792
5,2015 Municipal General - 2/24/15,Alderman 5th Ward,ANNE MARIE MILES,2181
0,2015 Municipal General - 2/24/15,Alderman 6th Ward,RODERICK T. SAWYER,5990
1,2015 Municipal General - 2/24/15,Alderman 6th Ward,RICHARD A. WOOTEN,2800
2,2015 Municipal General - 2/24/15,Alderman 6th Ward,BRIAN T. GARNER,1869
0,2015 Municipal General - 2/24/15,Alderman 7th Ward,"JOSEPH J. MOSELEY, II",761
1,2015 Municipal General - 2/24/15,Alderman 7th Ward,GREGORY I. MITCHELL,2085
2,2015 Municipal General - 2/24/15,Alderman 7th Ward,LASHONDA CURRY,1333
3,2015 Municipal General - 2/24/15,Alderman 7th Ward,KEIANA BARRETT,1923
4,2015 Municipal General - 2/24/15,Alderman 7th Ward,FLORA ''FLO'' DIGBY,1143
5,2015 Municipal General - 2/24/15,Alderman 7th Ward,NATASHIA L. HOLMES,2642
6,2015 Municipal General - 2/24/15,Alderman 7th Ward,BERNIE RILEY,125
7,2015 Municipal General - 2/24/15,Alderman 7th Ward,MARGIE REID,362
0,2015 Municipal General - 2/24/15,Alderman 8th Ward,MICHELLE A. HARRIS,9167
1,2015 Municipal General - 2/24/15,Alderman 8th Ward,FAHEEM SHABAZZ,2113
2,2015 Municipal General - 2/24/15,Alderman 8th Ward,TARA F. BALDRIDGE,2096
0,2015 Municipal General - 2/24/15,Alderman 9th Ward,ANTHONY A. BEALE,7307
1,2015 Municipal General - 2/24/15,Alderman 9th Ward,MICHAEL E. LAFARGUE,1822
2,2015 Municipal General - 2/24/15,Alderman 9th Ward,HAROLD ''NOONIE'' WARD,1225
3,2015 Municipal General - 2/24/15,Alderman 9th Ward,THEODORE WILLIAMS,1352
0,2015 Municipal General - 2/24/15,Alderman 10th Ward,JOHN A. POPE,4181
1,2015 Municipal General - 2/24/15,Alderman 10th Ward,SUSAN SADLOWSKI GARZA,2287
2,2015 Municipal General - 2/24/15,Alderman 10th Ward,"RICHARD L. MARTINEZ, JR.",1191
3,2015 Municipal General - 2/24/15,Alderman 10th Ward,FRANK J. CORONA,307
4,2015 Municipal General - 2/24/15,Alderman 10th Ward,SAMANTHA M. WEBB,510
5,2015 Municipal General - 2/24/15,Alderman 10th Ward,OLGA BAUTISTA,208
6,2015 Municipal General - 2/24/15,Alderman 10th Ward,JUAN B. HUIZAR,809
0,2015 Municipal General - 2/24/15,Alderman 11th Ward,JOHN K. KOZLAR,3399
1,2015 Municipal General - 2/24/15,Alderman 11th Ward,PATRICK DALEY THOMPSON,4644
2,2015 Municipal General - 2/24/15,Alderman 11th Ward,MAUREEN F. SULLIVAN,1558
0,2015 Municipal General - 2/24/15,Alderman 12th Ward,GEORGE CARDENAS,3379
0,2015 Municipal General - 2/24/15,Alderman 13th Ward,MARTY QUINN,10064
0,2015 Municipal General - 2/24/15,Alderman 14th Ward,EDWARD M. BURKE,5028
0,2015 Municipal General - 2/24/15,Alderman 15th Ward,ADOLFO MONDRAGON,280
1,2015 Municipal General - 2/24/15,Alderman 15th Ward,RAYMOND A. LOPEZ,2168
2,2015 Municipal General - 2/24/15,Alderman 15th Ward,RAFAEL YANEZ,1007
3,2015 Municipal General - 2/24/15,Alderman 15th Ward,EDDIE L. DANIELS,309
4,2015 Municipal General - 2/24/15,Alderman 15th Ward,"OTIS DAVIS, JR.",462
5,2015 Municipal General - 2/24/15,Alderman 15th Ward,RAUL O. REYES,324
0,2015 Municipal General - 2/24/15,Alderman 16th Ward,JOANN THOMPSON,115
1,2015 Municipal General - 2/24/15,Alderman 16th Ward,CYNTHIA LOMAX,357
2,2015 Municipal General - 2/24/15,Alderman 16th Ward,TONI L. FOULKES,2571
3,2015 Municipal General - 2/24/15,Alderman 16th Ward,JOSE A. GARCIA,830
4,2015 Municipal General - 2/24/15,Alderman 16th Ward,STEPHANIE COLEMAN,2096
0,2015 Municipal General - 2/24/15,Alderman 17th Ward,GLENDA FRANKLIN,3064
1,2015 Municipal General - 2/24/15,Alderman 17th Ward,DAVID H. MOORE,4467
2,2015 Municipal General - 2/24/15,Alderman 17th Ward,JAMES E. DUKES,909
0,2015 Municipal General - 2/24/15,Alderman 18th Ward,LONA LANE,3625
1,2015 Municipal General - 2/24/15,Alderman 18th Ward,DERRICK G. CURTIS,3663
2,2015 Municipal General - 2/24/15,Alderman 18th Ward,MICHAEL A. DAVIS,2021
3,2015 Municipal General - 2/24/15,Alderman 18th Ward,CHUKS ONYEZIA,2139
4,2015 Municipal General - 2/24/15,Alderman 18th Ward,CONSANDRA HARRIS,351
5,2015 Municipal General - 2/24/15,Alderman 18th Ward,BRANDON LOGGINS,310
0,2015 Municipal General - 2/24/15,Alderman 19th Ward,MATTHEW J. O'SHEA,13088
1,2015 Municipal General - 2/24/15,Alderman 19th Ward,ANNE SCHAIBLE,4944
0,2015 Municipal General - 2/24/15,Alderman 20th Ward,"WILLIE RAY, JR.",672
1,2015 Municipal General - 2/24/15,Alderman 20th Ward,ANDRE SMITH,1038
2,2015 Municipal General - 2/24/15,Alderman 20th Ward,WILLIE B. COCHRAN,3149
3,2015 Municipal General - 2/24/15,Alderman 20th Ward,KEVIN BAILEY,1365
4,2015 Municipal General - 2/24/15,Alderman 20th Ward,"ERNEST RADCLIFFE, JR.",390
0,2015 Municipal General - 2/24/15,Alderman 21st Ward,MARVIN MCNEIL,1838
1,2015 Municipal General - 2/24/15,Alderman 21st Ward,JEFFREY BAKER,695
2,2015 Municipal General - 2/24/15,Alderman 21st Ward,"HOWARD B. BROOKINS, JR.",5454
3,2015 Municipal General - 2/24/15,Alderman 21st Ward,"JOSEPH C. ZIEGLER, JR.",1376
4,2015 Municipal General - 2/24/15,Alderman 21st Ward,DORIS LEWIS BROOKS,1529
5,2015 Municipal General - 2/24/15,Alderman 21st Ward,PATRICIA A. FOSTER,1365
6,2015 Municipal General - 2/24/15,Alderman 21st Ward,KEN LEWIS,862
0,2015 Municipal General - 2/24/15,Alderman 22nd Ward,RICARDO MUNOZ,2928
1,2015 Municipal General - 2/24/15,Alderman 22nd Ward,NEFTALIE GONZALEZ,669
2,2015 Municipal General - 2/24/15,Alderman 22nd Ward,"RAUL MONTES, JR.",887
3,2015 Municipal General - 2/24/15,Alderman 22nd Ward,ROBERT MARTINEZ,595
0,2015 Municipal General - 2/24/15,Alderman 23rd Ward,MICHAEL R. ZALEWSKI,6434
1,2015 Municipal General - 2/24/15,Alderman 23rd Ward,MARTIN ARTEAGA,1796
2,2015 Municipal General - 2/24/15,Alderman 23rd Ward,ANNA GORAL,1376
0,2015 Municipal General - 2/24/15,Alderman 24th Ward,FRANK M. BASS,772
1,2015 Municipal General - 2/24/15,Alderman 24th Ward,REGINA D. LEWIS,575
2,2015 Municipal General - 2/24/15,Alderman 24th Ward,WALLACE E. JOHNSON,483
3,2015 Municipal General - 2/24/15,Alderman 24th Ward,SHERITA ANN HARRIS,382
4,2015 Municipal General - 2/24/15,Alderman 24th Ward,ROGER L. WASHINGTON,140
5,2015 Municipal General - 2/24/15,Alderman 24th Ward,VETRESS BOYCE,1151
6,2015 Municipal General - 2/24/15,Alderman 24th Ward,LADARIUS R. CURTIS,199
7,2015 Municipal General - 2/24/15,Alderman 24th Ward,DARREN TILLIS,1016
8,2015 Municipal General - 2/24/15,Alderman 24th Ward,LARRY G. NELSON,129
9,2015 Municipal General - 2/24/15,Alderman 24th Ward,"MICHAEL SCOTT, JR.",2200
0,2015 Municipal General - 2/24/15,Alderman 25th Ward,ED HERSHEY,614
1,2015 Municipal General - 2/24/15,Alderman 25th Ward,DANIEL ''DANNY'' SOLIS,3811
2,2015 Municipal General - 2/24/15,Alderman 25th Ward,JORGE MUJICA,907
3,2015 Municipal General - 2/24/15,Alderman 25th Ward,ROBERTO ''BETO'' MONTANO,748
4,2015 Municipal General - 2/24/15,Alderman 25th Ward,BYRON SIGCHO,1383
0,2015 Municipal General - 2/24/15,Alderman 26th Ward,ROBERTO MALDONADO,3466
1,2015 Municipal General - 2/24/15,Alderman 26th Ward,ADAM CORONA,919
2,2015 Municipal General - 2/24/15,Alderman 26th Ward,JUANITA IRIZARRY,2248
0,2015 Municipal General - 2/24/15,Alderman 27th Ward,GABE BEUKINGA,2201
1,2015 Municipal General - 2/24/15,Alderman 27th Ward,"WALTER BURNETT, JR.",6284
0,2015 Municipal General - 2/24/15,Alderman 28th Ward,JASON C. ERVIN,6278
0,2015 Municipal General - 2/24/15,Alderman 29th Ward,DEBORAH L. GRAHAM,4395
1,2015 Municipal General - 2/24/15,Alderman 29th Ward,LAWRENCE ANDOLINO,1549
2,2015 Municipal General - 2/24/15,Alderman 29th Ward,BOB GALHOTRA,722
3,2015 Municipal General - 2/24/15,Alderman 29th Ward,CHRIS TALIAFERRO,2435
4,2015 Municipal General - 2/24/15,Alderman 29th Ward,LaCOULTON J. WALLS,486
5,2015 Municipal General - 2/24/15,Alderman 29th Ward,ZERLINA A. SMITH,505
6,2015 Municipal General - 2/24/15,Alderman 29th Ward,ODDIS ''O.J'' JOHNSON,389
7,2015 Municipal General - 2/24/15,Alderman 29th Ward,STEPHEN ROBINSON,346
0,2015 Municipal General - 2/24/15,Alderman 30th Ward,ARIEL E. REBOYRAS,4119
0,2015 Municipal General - 2/24/15,Alderman 31st Ward,SEAN C. STARR,568
1,2015 Municipal General - 2/24/15,Alderman 31st Ward,IRMA CORNIER,293
2,2015 Municipal General - 2/24/15,Alderman 31st Ward,MILAGROS SANTIAGO,2146
3,2015 Municipal General - 2/24/15,Alderman 31st Ward,REGNER ''RAY'' SUAREZ,2778
0,2015 Municipal General - 2/24/15,Alderman 32nd Ward,SCOTT WAGUESPACK,6425
1,2015 Municipal General - 2/24/15,Alderman 32nd Ward,ELISE DOODY-JONES,1713
0,2015 Municipal General - 2/24/15,Alderman 33rd Ward,TIM MEEGAN,2779
1,2015 Municipal General - 2/24/15,Alderman 33rd Ward,DEBORAH L. MELL,4103
2,2015 Municipal General - 2/24/15,Alderman 33rd Ward,ANNISA WANAT,1289
0,2015 Municipal General - 2/24/15,Alderman 34th Ward,CARRIE M. AUSTIN,7610
1,2015 Municipal General - 2/24/15,Alderman 34th Ward,HENRY MOSES,1400
2,2015 Municipal General - 2/24/15,Alderman 34th Ward,SHIRLEY J. WHITE,2651
3,2015 Municipal General - 2/24/15,Alderman 34th Ward,CHARLES R. THOMAS SR.,769
0,2015 Municipal General - 2/24/15,Alderman 35th Ward,REY COLON,1987
1,2015 Municipal General - 2/24/15,Alderman 35th Ward,CARLOS RAMIREZ-ROSA,4082
0,2015 Municipal General - 2/24/15,Alderman 36th Ward,CHRISTOPHER M VITTORIO,1437
1,2015 Municipal General - 2/24/15,Alderman 36th Ward,OMAR AQUINO,2124
2,2015 Municipal General - 2/24/15,Alderman 36th Ward,GILBERT VILLEGAS,1945
3,2015 Municipal General - 2/24/15,Alderman 36th Ward,ALONSO ZARAGOZA,458
0,2015 Municipal General - 2/24/15,Alderman 37th Ward,LEROY DUNCAN,472
1,2015 Municipal General - 2/24/15,Alderman 37th Ward,EMMA M. MITTS,4033
2,2015 Municipal General - 2/24/15,Alderman 37th Ward,MARETTA BROWN-MILLER,1071
3,2015 Municipal General - 2/24/15,Alderman 37th Ward,TARA STAMPS,2640
0,2015 Municipal General - 2/24/15,Alderman 38th Ward,JERRY PASZEK,1205
1,2015 Municipal General - 2/24/15,Alderman 38th Ward,TOM CARAVETTE,662
2,2015 Municipal General - 2/24/15,Alderman 38th Ward,HEATHER SATTLER,1809
3,2015 Municipal General - 2/24/15,Alderman 38th Ward,NICHOLAS SPOSATO,5992
4,2015 Municipal General - 2/24/15,Alderman 38th Ward,MICHAEL C. DUDA,763
5,2015 Municipal General - 2/24/15,Alderman 38th Ward,CARMEN HERNANDEZ,462
6,2015 Municipal General - 2/24/15,Alderman 38th Ward,BELINDA CADIZ,290
0,2015 Municipal General - 2/24/15,Alderman 39th Ward,MARGARET LAURINO,5981
1,2015 Municipal General - 2/24/15,Alderman 39th Ward,ROBERT MURPHY,4815
2,2015 Municipal General - 2/24/15,Alderman 39th Ward,JOSEPH LAIACONA,446
0,2015 Municipal General - 2/24/15,Alderman 40th Ward,PATRICK J. O'CONNOR,5601
1,2015 Municipal General - 2/24/15,Alderman 40th Ward,DIANNE DALEIDEN,3989
0,2015 Municipal General - 2/24/15,Alderman 41st Ward,MARY O'CONNOR,7132
1,2015 Municipal General - 2/24/15,Alderman 41st Ward,JOE LOMANTO,1459
2,2015 Municipal General - 2/24/15,Alderman 41st Ward,ANTHONY V. NAPOLITANO,6353
0,2015 Municipal General - 2/24/15,Alderman 42nd Ward,BRENDAN REILLY,7171
0,2015 Municipal General - 2/24/15,Alderman 43rd Ward,CAROLINE VICKREY,3682
1,2015 Municipal General - 2/24/15,Alderman 43rd Ward,JENNIFER ''JEN'' KRAMER,1707
2,2015 Municipal General - 2/24/15,Alderman 43rd Ward,MICHELE SMITH,4309
3,2015 Municipal General - 2/24/15,Alderman 43rd Ward,JERRY QUANDT,608
0,2015 Municipal General - 2/24/15,Alderman 44th Ward,MARK THOMAS,2153
1,2015 Municipal General - 2/24/15,Alderman 44th Ward,TOM TUNNEY,6126
2,2015 Municipal General - 2/24/15,Alderman 44th Ward,SCOTT DAVIS,854
0,2015 Municipal General - 2/24/15,Alderman 45th Ward,JOHN GARRIDO,5164
1,2015 Municipal General - 2/24/15,Alderman 45th Ward,JOHN S. ARENA,5914
2,2015 Municipal General - 2/24/15,Alderman 45th Ward,MICHELLE R. BAERT,1726
3,2015 Municipal General - 2/24/15,Alderman 45th Ward,MICHAEL S. DIAZ,204
0,2015 Municipal General - 2/24/15,Alderman 46th Ward,JAMES CAPPLEMAN,4800
1,2015 Municipal General - 2/24/15,Alderman 46th Ward,AMY CRAWFORD,3853
2,2015 Municipal General - 2/24/15,Alderman 46th Ward,DENICE L. DAVIS,1589
0,2015 Municipal General - 2/24/15,Alderman 47th Ward,AMEYA PAWAR,9974
1,2015 Municipal General - 2/24/15,Alderman 47th Ward,RORY A. FIEDLER,2075
0,2015 Municipal General - 2/24/15,Alderman 48th Ward,HARRY OSTERMAN,9456
0,2015 Municipal General - 2/24/15,Alderman 49th Ward,JOE MOORE,5778
1,2015 Municipal General - 2/24/15,Alderman 49th Ward,DON GORDON,2867
0,2015 Municipal General - 2/24/15,Alderman 50th Ward,DEBRA L. SILVERSTEIN,5024
1,2015 Municipal General - 2/24/15,Alderman 50th Ward,SHAJAN M. KURIAKOSE,1406
2,2015 Municipal General - 2/24/15,Alderman 50th Ward,ZEHRA QUADRI,1375
0,2015 Municipal General - 2/24/15,Paid leave for workers,Yes,368485
1,2015 Municipal General - 2/24/15,Paid leave for workers,No,82127
0,2015 Municipal General - 2/24/15,Domestic-abuse treatment,Yes,397923
1,2015 Municipal General - 2/24/15,Domestic-abuse treatment,No,57778
0,2015 Municipal General - 2/24/15,Campaign finance reform,Yes,353930
1,2015 Municipal General - 2/24/15,Campaign finance reform,No,94153
0,2015 Municipal General - 2/24/15,W1 Elected School Board,Yes,6915
1,2015 Municipal General - 2/24/15,W1 Elected School Board,No,1098
0,2015 Municipal General - 2/24/15,W3 Elected School Board,Yes,8877
1,2015 Municipal General - 2/24/15,W3 Elected School Board,No,1231
0,2015 Municipal General - 2/24/15,W4 Elected School Board,Yes,10038
1,2015 Municipal General - 2/24/15,W4 Elected School Board,No,1471
0,2015 Municipal General - 2/24/15,W5 Elected School Board,Yes,9619
1,2015 Municipal General - 2/24/15,W5 Elected School Board,No,1473
0,2015 Municipal General - 2/24/15,W6 Elected School Board,Yes,9832
1,2015 Municipal General - 2/24/15,W6 Elected School Board,No,777
0,2015 Municipal General - 2/24/15,W7 Elected School Board,Yes,9530
1,2015 Municipal General - 2/24/15,W7 Elected School Board,No,746
0,2015 Municipal General - 2/24/15,W8 Elected School Board,Yes,12123
1,2015 Municipal General - 2/24/15,W8 Elected School Board,No,1059
0,2015 Municipal General - 2/24/15,W10 - Petroleum Coke Ban,Yes,7627
1,2015 Municipal General - 2/24/15,W10 - Petroleum Coke Ban,No,1271
0,2015 Municipal General - 2/24/15,W10 Elected School Board,Yes,8198
1,2015 Municipal General - 2/24/15,W10 Elected School Board,No,790
0,2015 Municipal General - 2/24/15,W12 Elected School Board,Yes,4201
1,2015 Municipal General - 2/24/15,W12 Elected School Board,No,477
0,2015 Municipal General - 2/24/15,W14 Elected School Board,Yes,5040
1,2015 Municipal General - 2/24/15,W14 Elected School Board,No,616
0,2015 Municipal General - 2/24/15,W15 Elected School Board,Yes,3950
1,2015 Municipal General - 2/24/15,W15 Elected School Board,No,416
0,2015 Municipal General - 2/24/15,W16 Elected School Board,Yes,5310
1,2015 Municipal General - 2/24/15,W16 Elected School Board,No,457
0,2015 Municipal General - 2/24/15,W16-P30-Form TIF Council,Yes,137
1,2015 Municipal General - 2/24/15,W16-P30-Form TIF Council,No,22
0,2015 Municipal General - 2/24/15,W17 Elected School Board,Yes,7612
1,2015 Municipal General - 2/24/15,W17 Elected School Board,No,665
0,2015 Municipal General - 2/24/15,W19 Elected School Board,Yes,15175
1,2015 Municipal General - 2/24/15,W19 Elected School Board,No,2593
0,2015 Municipal General - 2/24/15,W20 Elected School Board,Yes,6061
1,2015 Municipal General - 2/24/15,W20 Elected School Board,No,497
0,2015 Municipal General - 2/24/15,W21 Elected School Board,Yes,11900
1,2015 Municipal General - 2/24/15,W21 Elected School Board,No,993
0,2015 Municipal General - 2/24/15,W22 Elected School Board,Yes,4548
1,2015 Municipal General - 2/24/15,W22 Elected School Board,No,410
0,2015 Municipal General - 2/24/15,W24 Elected School Board,Yes,6332
1,2015 Municipal General - 2/24/15,W24 Elected School Board,No,471
0,2015 Municipal General - 2/24/15,W25 Elected School Board,Yes,6205
1,2015 Municipal General - 2/24/15,W25 Elected School Board,No,819
0,2015 Municipal General - 2/24/15,W26 Elected School Board,Yes,5784
1,2015 Municipal General - 2/24/15,W26 Elected School Board,No,575
0,2015 Municipal General - 2/24/15,W27 Elected School Board,Yes,7248
1,2015 Municipal General - 2/24/15,W27 Elected School Board,No,941
0,2015 Municipal General - 2/24/15,W28 Elected School Board,Yes,6500
1,2015 Municipal General - 2/24/15,W28 Elected School Board,No,676
0,2015 Municipal General - 2/24/15,W29 Elected School Board,Yes,9600
1,2015 Municipal General - 2/24/15,W29 Elected School Board,No,932
0,2015 Municipal General - 2/24/15,W30 Elected School Board,Yes,4178
1,2015 Municipal General - 2/24/15,W30 Elected School Board,No,622
0,2015 Municipal General - 2/24/15,W31 Elected School Board,Yes,4917
1,2015 Municipal General - 2/24/15,W31 Elected School Board,No,527
0,2015 Municipal General - 2/24/15,W32 Elected School Board,Yes,6906
1,2015 Municipal General - 2/24/15,W32 Elected School Board,No,1395
0,2015 Municipal General - 2/24/15,W33 Elected School Board,Yes,7154
1,2015 Municipal General - 2/24/15,W33 Elected School Board,No,830
0,2015 Municipal General - 2/24/15,W34 Elected School Board,Yes,11185
1,2015 Municipal General - 2/24/15,W34 Elected School Board,No,940
0,2015 Municipal General - 2/24/15,W35 Elected School Board,Yes,5409
1,2015 Municipal General - 2/24/15,W35 Elected School Board,No,558
0,2015 Municipal General - 2/24/15,W36 Elected School Board,Yes,5041
1,2015 Municipal General - 2/24/15,W36 Elected School Board,No,645
0,2015 Municipal General - 2/24/15,W37 Elected School Board,Yes,7269
1,2015 Municipal General - 2/24/15,W37 Elected School Board,No,592
0,2015 Municipal General - 2/24/15,W40 Elected School Board,Yes,8152
1,2015 Municipal General - 2/24/15,W40 Elected School Board,No,1226
0,2019 Municipal General - 2/26/19,Mayoral candidates 8-14,SUSANA A. MENDOZA,50373
1,2019 Municipal General - 2/26/19,Mayoral candidates 8-14,AMARA ENYIA,44589
2,2019 Municipal General - 2/26/19,Mayoral candidates 8-14,LA SHAWN K. FORD,5606
3,2019 Municipal General - 2/26/19,Mayoral candidates 8-14,NEAL SALES-GRIFFIN,1523
4,2019 Municipal General - 2/26/19,Mayoral candidates 8-14,LORI LIGHTFOOT,97667
5,2019 Municipal General - 2/26/19,Mayoral candidates 8-14,ROBERT ''BOB'' FIORETTI,4302
6,2019 Municipal General - 2/26/19,Mayoral candidates 8-14,JOHN KENNETH KOZLAR,2349
0,2019 Municipal General - 2/26/19,Rent control-W45P17,Yes,231
1,2019 Municipal General - 2/26/19,Rent control-W45P17,No,126
0,2019 Municipal General - 2/26/19,Rent control-W50P08,Yes,169
1,2019 Municipal General - 2/26/19,Rent control-W50P08,No,50
0,2019 Municipal General - 2/26/19,Rent control-W50P13,Yes,174
1,2019 Municipal General - 2/26/19,Rent control-W50P13,No,55
0,2019 Municipal General - 2/26/19,Clerk,ANNA M. VALENCIA,264319
0,2019 Municipal General - 2/26/19,Treasurer,MELISSA CONYEARS-ERVIN,225385
1,2019 Municipal General - 2/26/19,Treasurer,AMEYA PAWAR,211759
2,2019 Municipal General - 2/26/19,Treasurer,PETER GARIEPY,72068
0,2019 Municipal General - 2/26/19,Alderman 1st Ward,PROCO ''JOE'' MORENO,4635
1,2019 Municipal General - 2/26/19,Alderman 1st Ward,DANIEL LA SPATA,7326
0,2019 Municipal General - 2/26/19,Alderman 2nd Ward,BRIAN HOPKINS,10977
0,2019 Municipal General - 2/26/19,Alderman 3rd Ward,PATRICIA ''PAT'' DOWELL,9085
1,2019 Municipal General - 2/26/19,Alderman 3rd Ward,ALEXANDRIA WILLIS,4079
0,2019 Municipal General - 2/26/19,Alderman 4th Ward,SOPHIA KING,9178
1,2019 Municipal General - 2/26/19,Alderman 4th Ward,EBONY D. LUCAS,4708
0,2019 Municipal General - 2/26/19,Alderman 5th Ward,LESLIE A. HAIRSTON,6284
1,2019 Municipal General - 2/26/19,Alderman 5th Ward,WILLIAM CALLOWAY,3464
2,2019 Municipal General - 2/26/19,Alderman 5th Ward,GABRIEL PIEMONTE,3205
0,2019 Municipal General - 2/26/19,Alderman 6th Ward,RODERICK T. SAWYER,5053
1,2019 Municipal General - 2/26/19,Alderman 6th Ward,RICHARD A. WOOTEN,1900
2,2019 Municipal General - 2/26/19,Alderman 6th Ward,DEBORAH A. FOSTER-BONNER,3159
0,2019 Municipal General - 2/26/19,Alderman 7th Ward,GREGORY I. MITCHELL,6684
1,2019 Municipal General - 2/26/19,Alderman 7th Ward,CHARLES KYLE,1294
2,2019 Municipal General - 2/26/19,Alderman 7th Ward,JEDIDIAH L. BROWN,2100
0,2019 Municipal General - 2/26/19,Alderman 8th Ward,MICHELLE A. HARRIS,8723
1,2019 Municipal General - 2/26/19,Alderman 8th Ward,JEWEL EASTERLING-SMITH,1091
2,2019 Municipal General - 2/26/19,Alderman 8th Ward,LINDA HUDSON,2356
3,2019 Municipal General - 2/26/19,Alderman 8th Ward,FAHEEM SHABAZZ,1385
0,2019 Municipal General - 2/26/19,Alderman 9th Ward,ANTHONY A. BEALE,6773
1,2019 Municipal General - 2/26/19,Alderman 9th Ward,CLEOPATRA WATSON,2949
2,2019 Municipal General - 2/26/19,Alderman 9th Ward,PAUL COLLINS,938
3,2019 Municipal General - 2/26/19,Alderman 9th Ward,ESSIE HALL,763
0,2019 Municipal General - 2/26/19,Alderman 10th Ward,SUSAN SADLOWSKI GARZA,5773
1,2019 Municipal General - 2/26/19,Alderman 10th Ward,ROBERT ''BOBBY'' LONCAR,2640
0,2019 Municipal General - 2/26/19,Alderman 11th Ward,PATRICK DALEY THOMPSON,7537
1,2019 Municipal General - 2/26/19,Alderman 11th Ward,DAVID MIHALYFY,2726
0,2019 Municipal General - 2/26/19,Alderman 12th Ward,GEORGE CARDENAS,2987
1,2019 Municipal General - 2/26/19,Alderman 12th Ward,PETE DEMAY,1019
2,2019 Municipal General - 2/26/19,Alderman 12th Ward,MARTHA YERANIA RANGEL,929
3,2019 Municipal General - 2/26/19,Alderman 12th Ward,JOSE RICO,1006
0,2019 Municipal General - 2/26/19,Alderman 13th Ward,MARTY QUINN,10759
1,2019 Municipal General - 2/26/19,Alderman 13th Ward,DAVID J. KRUPA,1746
0,2019 Municipal General - 2/26/19,Alderman 14th Ward,EDWARD M. BURKE,3917
1,2019 Municipal General - 2/26/19,Alderman 14th Ward,JAIME GUZMAN,1181
2,2019 Municipal General - 2/26/19,Alderman 14th Ward,TANYA G. PATINO,2123
0,2019 Municipal General - 2/26/19,Alderman 15th Ward,JOSEPH G. WILLIAMS,413
1,2019 Municipal General - 2/26/19,Alderman 15th Ward,RAFAEL ''RAFA'' YANEZ,1116
2,2019 Municipal General - 2/26/19,Alderman 15th Ward,RAYMOND A. LOPEZ,2541
3,2019 Municipal General - 2/26/19,Alderman 15th Ward,BERTO AGUAYO,833
4,2019 Municipal General - 2/26/19,Alderman 15th Ward,"OTIS DAVIS, JR.",210
0,2019 Municipal General - 2/26/19,Alderman 16th Ward,STEPHANIE D. COLEMAN,2464
1,2019 Municipal General - 2/26/19,Alderman 16th Ward,LATASHA M. SANDERS,540
2,2019 Municipal General - 2/26/19,Alderman 16th Ward,KENNY C. DOSS II,364
3,2019 Municipal General - 2/26/19,Alderman 16th Ward,TONI L. FOULKES,1758
4,2019 Municipal General - 2/26/19,Alderman 16th Ward,JEFFREY L. LEWIS,88
5,2019 Municipal General - 2/26/19,Alderman 16th Ward,EDDIE JOHNSON III,371
0,2019 Municipal General - 2/26/19,Alderman 17th Ward,DAVID H. MOORE,5316
1,2019 Municipal General - 2/26/19,Alderman 17th Ward,RAYNETTA GREENLEAF,2594
0,2019 Municipal General - 2/26/19,Alderman 18th Ward,CHUKS ONYEZIA,3904
1,2019 Municipal General - 2/26/19,Alderman 18th Ward,DERRICK G. CURTIS,8050
0,2019 Municipal General - 2/26/19,Alderman 19th Ward,MATTHEW J. O'SHEA,17654
1,2019 Municipal General - 2/26/19,Alderman 19th Ward,DAVID A. DEWAR,3056
0,2019 Municipal General - 2/26/19,Alderman 20th Ward,JEANETTE B TAYLOR,2154
1,2019 Municipal General - 2/26/19,Alderman 20th Ward,NICOLE J. JOHNSON,1644
2,2019 Municipal General - 2/26/19,Alderman 20th Ward,MAYA HODARI,701
3,2019 Municipal General - 2/26/19,Alderman 20th Ward,JENNIFER O. MADDOX,460
4,2019 Municipal General - 2/26/19,Alderman 20th Ward,ANDRE SMITH,600
5,2019 Municipal General - 2/26/19,Alderman 20th Ward,DERNARD D. NEWELL,71
6,2019 Municipal General - 2/26/19,Alderman 20th Ward,QUANDRA V. SPEIGHTS,157
7,2019 Municipal General - 2/26/19,Alderman 20th Ward,KEVIN M. BAILEY,1211
8,2019 Municipal General - 2/26/19,Alderman 20th Ward,"ANTHONY DRIVER, JR.",486
0,2019 Municipal General - 2/26/19,Alderman 21st Ward,"HOWARD B. BROOKINS, JR.",5700
1,2019 Municipal General - 2/26/19,Alderman 21st Ward,MARVIN MCNEIL,3143
2,2019 Municipal General - 2/26/19,Alderman 21st Ward,PATRICIA A. FOSTER,2382
3,2019 Municipal General - 2/26/19,Alderman 21st Ward,"JOSEPH C. ZIEGLER, JR.",1215
0,2019 Municipal General - 2/26/19,Alderman 22nd Ward,MICHAEL D. RODRIGUEZ,3104
1,2019 Municipal General - 2/26/19,Alderman 22nd Ward,LISETTE ''LIZ'' LOPEZ,675
2,2019 Municipal General - 2/26/19,Alderman 22nd Ward,RICHARD JUAREZ,610
3,2019 Municipal General - 2/26/19,Alderman 22nd Ward,NEFTALIE GONZALEZ,476
0,2019 Municipal General - 2/26/19,Alderman 23rd Ward,SILVANA TABARES,6702
1,2019 Municipal General - 2/26/19,Alderman 23rd Ward,"PAULINO VILLARREAL, JR.",2097
0,2019 Municipal General - 2/26/19,Alderman 24th Ward,CREATIVE SCOTT,1191
1,2019 Municipal General - 2/26/19,Alderman 24th Ward,"MICHAEL  SCOTT, JR.",3809
2,2019 Municipal General - 2/26/19,Alderman 24th Ward,TORIANO A. SANZONE,364
3,2019 Municipal General - 2/26/19,Alderman 24th Ward,TRACI JOHNSON,991
0,2019 Municipal General - 2/26/19,Alderman 25th Ward,HILARIO DOMINGUEZ,2056
1,2019 Municipal General - 2/26/19,Alderman 25th Ward,ALEXANDER ACEVEDO,2182
2,2019 Municipal General - 2/26/19,Alderman 25th Ward,TROY ANTONIO HERNANDEZ,835
3,2019 Municipal General - 2/26/19,Alderman 25th Ward,BYRON SIGCHO-LOPEZ,2885
4,2019 Municipal General - 2/26/19,Alderman 25th Ward,AIDA FLORES,1912
0,2019 Municipal General - 2/26/19,Alderman 26th Ward,THERESA SIAW,2467
1,2019 Municipal General - 2/26/19,Alderman 26th Ward,ROBERTO MALDONADO,4431
2,2019 Municipal General - 2/26/19,Alderman 26th Ward,DAVID HERRERA,1866
0,2019 Municipal General - 2/26/19,Alderman 27th Ward,"WALTER BURNETT, JR.",6962
1,2019 Municipal General - 2/26/19,Alderman 27th Ward,CYNTHIA D. BEDNARZ,3191
0,2019 Municipal General - 2/26/19,Alderman 28th Ward,MIGUEL BAUTISTA,1122
1,2019 Municipal General - 2/26/19,Alderman 28th Ward,JASON C. ERVIN,4954
2,2019 Municipal General - 2/26/19,Alderman 28th Ward,JASMINE JACKSON,1230
3,2019 Municipal General - 2/26/19,Alderman 28th Ward,BEVERLY MILES,764
0,2019 Municipal General - 2/26/19,Alderman 29th Ward,DWAYNE TRUSS,2915
1,2019 Municipal General - 2/26/19,Alderman 29th Ward,CHRIS TALIAFERRO,6235
2,2019 Municipal General - 2/26/19,Alderman 29th Ward,ZERLINA A. SMITH,1469
0,2019 Municipal General - 2/26/19,Alderman 30th Ward,JESSICA W. GUTIERREZ,3536
1,2019 Municipal General - 2/26/19,Alderman 30th Ward,ARIEL E. REBOYRAS,3563
2,2019 Municipal General - 2/26/19,Alderman 30th Ward,EDGAR ''EDEK'' ESPARZA,339
0,2019 Municipal General - 2/26/19,Alderman 31st Ward,COLIN BIRD-MARTINEZ,1699
1,2019 Municipal General - 2/26/19,Alderman 31st Ward,MILAGROS SANTIAGO,2588
2,2019 Municipal General - 2/26/19,Alderman 31st Ward,FELIX CARDONA JR.,2132
0,2019 Municipal General - 2/26/19,Alderman 32nd Ward,SCOTT WAGUESPACK,11519
0,2019 Municipal General - 2/26/19,Alderman 33rd Ward,KATIE SIERACKI,1822
1,2019 Municipal General - 2/26/19,Alderman 33rd Ward,R. RODRIGUEZ SANCHEZ,4598
2,2019 Municipal General - 2/26/19,Alderman 33rd Ward,DEBORAH L. MELL,4515
0,2019 Municipal General - 2/26/19,Alderman 34th Ward,CARRIE M. AUSTIN,6306
1,2019 Municipal General - 2/26/19,Alderman 34th Ward,PRESTON BROWN JR,5294
0,2019 Municipal General - 2/26/19,Alderman 35th Ward,AMANDA YU DIETERICH,3208
1,2019 Municipal General - 2/26/19,Alderman 35th Ward,CARLOS  RAMIREZ-ROSA,4700
0,2019 Municipal General - 2/26/19,Alderman 36th Ward,GILBERT VILLEGAS,5376
0,2019 Municipal General - 2/26/19,Alderman 37th Ward,EMMA M. MITTS,4151
1,2019 Municipal General - 2/26/19,Alderman 37th Ward,TARA STAMPS,3083
2,2019 Municipal General - 2/26/19,Alderman 37th Ward,DEONDRE RUTUES,436
0,2019 Municipal General - 2/26/19,Alderman 38th Ward,NICHOLAS SPOSATO,9340
0,2019 Municipal General - 2/26/19,Alderman 39th Ward,ROBERT MURPHY,3914
1,2019 Municipal General - 2/26/19,Alderman 39th Ward,SAMANTHA ''SAM'' NUGENT,4396
2,2019 Municipal General - 2/26/19,Alderman 39th Ward,CASEY SMAGALA,3644
3,2019 Municipal General - 2/26/19,Alderman 39th Ward,JOE DUPLECHIN,1287
0,2019 Municipal General - 2/26/19,Alderman 40th Ward,UGO OKERE,1870
1,2019 Municipal General - 2/26/19,Alderman 40th Ward,DIANNE DALEIDEN,2296
2,2019 Municipal General - 2/26/19,Alderman 40th Ward,ANDRÃ‰ VASQUEZ,2683
3,2019 Municipal General - 2/26/19,Alderman 40th Ward,PATRICK J. O'CONNOR,4446
4,2019 Municipal General - 2/26/19,Alderman 40th Ward,MAGGIE O'KEEFE,2058
0,2019 Municipal General - 2/26/19,Alderman 41st Ward,TIM HENEGHAN,5289
1,2019 Municipal General - 2/26/19,Alderman 41st Ward,ANTHONY V. NAPOLITANO,12502
0,2019 Municipal General - 2/26/19,Alderman 42nd Ward,BRENDAN REILLY,11129
0,2019 Municipal General - 2/26/19,Alderman 43rd Ward,DEREK LINDBLOM,3913
1,2019 Municipal General - 2/26/19,Alderman 43rd Ward,MICHELE SMITH,5486
2,2019 Municipal General - 2/26/19,Alderman 43rd Ward,LESLIE FOX,1892
3,2019 Municipal General - 2/26/19,Alderman 43rd Ward,JACOB RINGER,1776
4,2019 Municipal General - 2/26/19,Alderman 43rd Ward,STEVEN MCCLELLAN,325
5,2019 Municipal General - 2/26/19,Alderman 43rd Ward,REBECCA JANOWITZ,681
0,2019 Municipal General - 2/26/19,Alderman 44th Ward,TOM TUNNEY,9734
1,2019 Municipal General - 2/26/19,Alderman 44th Ward,AUSTIN BAIDAS,3794
2,2019 Municipal General - 2/26/19,Alderman 44th Ward,ELIZABETH SHYDLOWSKI,1577
0,2019 Municipal General - 2/26/19,Alderman 45th Ward,MARILYN MORALES,1353
1,2019 Municipal General - 2/26/19,Alderman 45th Ward,JOHN S. ARENA,5382
2,2019 Municipal General - 2/26/19,Alderman 45th Ward,JAMES ''JIM'' GARDINER,7570
3,2019 Municipal General - 2/26/19,Alderman 45th Ward,ROBERT A. BANK,553
0,2019 Municipal General - 2/26/19,Alderman 46th Ward,MARIANNE LALONDE,2494
1,2019 Municipal General - 2/26/19,Alderman 46th Ward,ERIKA WOZNIAK FRANCIS,2324
2,2019 Municipal General - 2/26/19,Alderman 46th Ward,JUSTIN KREINDLER,545
3,2019 Municipal General - 2/26/19,Alderman 46th Ward,JAMES CAPPLEMAN,6082
4,2019 Municipal General - 2/26/19,Alderman 46th Ward,ANGELA CLAY,2127
5,2019 Municipal General - 2/26/19,Alderman 46th Ward,JON-ROBERT MCDOWELL,229
0,2019 Municipal General - 2/26/19,Alderman 47th Ward,EILEEN DORDEK,3373
1,2019 Municipal General - 2/26/19,Alderman 47th Ward,ANGELA ''ANGIE'' MALONEY,888
2,2019 Municipal General - 2/26/19,Alderman 47th Ward,HEATHER WAY KITZES,931
3,2019 Municipal General - 2/26/19,Alderman 47th Ward,MICHAEL A. NEGRON,4126
4,2019 Municipal General - 2/26/19,Alderman 47th Ward,MATT MARTIN,7586
5,2019 Municipal General - 2/26/19,Alderman 47th Ward,GUS KATSAFAROS,344
6,2019 Municipal General - 2/26/19,Alderman 47th Ward,THOMAS M. SCHWARTZERS,372
7,2019 Municipal General - 2/26/19,Alderman 47th Ward,KIMBALL LADIEN,75
8,2019 Municipal General - 2/26/19,Alderman 47th Ward,JEFF JENKINS,1602
0,2019 Municipal General - 2/26/19,Alderman 48th Ward,HARRY OSTERMAN,12442
1,2019 Municipal General - 2/26/19,Alderman 48th Ward,DAVID EARL WILLIAMS III,2415
0,2019 Municipal General - 2/26/19,Alderman 49th Ward,JOE MOORE,4514
1,2019 Municipal General - 2/26/19,Alderman 49th Ward,MARIA HADDEN,7820
0,2019 Municipal General - 2/26/19,Alderman 50th Ward,DEBRA L. SILVERSTEIN,6014
1,2019 Municipal General - 2/26/19,Alderman 50th Ward,ANDREW D ROWLAS,1678
2,2019 Municipal General - 2/26/19,Alderman 50th Ward,ZEHRA QUADRI,1442
0,2019 Municipal General - 2/26/19,Rent control-W01P01,Yes,219
1,2019 Municipal General - 2/26/19,Rent control-W01P01,No,99
0,2019 Municipal General - 2/26/19,Rent control-W01P17,Yes,208
1,2019 Municipal General - 2/26/19,Rent control-W01P17,No,68
0,2019 Municipal General - 2/26/19,Rent control-W01P20,Yes,175
1,2019 Municipal General - 2/26/19,Rent control-W01P20,No,59
0,2019 Municipal General - 2/26/19,Rent control-W01P24,Yes,168
1,2019 Municipal General - 2/26/19,Rent control-W01P24,No,64
0,2019 Municipal General - 2/26/19,Rent control-W01P26,Yes,140
1,2019 Municipal General - 2/26/19,Rent control-W01P26,No,55
0,2019 Municipal General - 2/26/19,Rent control-W01P30,Yes,223
1,2019 Municipal General - 2/26/19,Rent control-W01P30,No,108
0,2019 Municipal General - 2/26/19,CBA ordinance-W05P05,Yes,230
1,2019 Municipal General - 2/26/19,CBA ordinance-W05P05,No,29
0,2019 Municipal General - 2/26/19,Marijuana funds-W06P05,Yes,127
1,2019 Municipal General - 2/26/19,Marijuana funds-W06P05,No,14
0,2019 Municipal General - 2/26/19,Marijuana funds-W06P23,Yes,89
1,2019 Municipal General - 2/26/19,Marijuana funds-W06P23,No,13
0,2019 Municipal General - 2/26/19,Marijuana funds-W06P26,Yes,114
1,2019 Municipal General - 2/26/19,Marijuana funds-W06P26,No,23
0,2019 Municipal General - 2/26/19,CBA ordinance-W12P15,Yes,163
1,2019 Municipal General - 2/26/19,CBA ordinance-W12P15,No,27
0,2019 Municipal General - 2/26/19,CBA ordinance-W12P18,Yes,177
1,2019 Municipal General - 2/26/19,CBA ordinance-W12P18,No,29
0,2019 Municipal General - 2/26/19,Marijuana funds-W16P33,Yes,117
1,2019 Municipal General - 2/26/19,Marijuana funds-W16P33,No,17
0,2019 Municipal General - 2/26/19,Marijuana funds-W17,Yes,6367
1,2019 Municipal General - 2/26/19,Marijuana funds-W17,No,1047
0,2019 Municipal General - 2/26/19,CBA ordinance-W20P01,Yes,233
1,2019 Municipal General - 2/26/19,CBA ordinance-W20P01,No,27
0,2019 Municipal General - 2/26/19,CBA ordinance-W20P22,Yes,271
1,2019 Municipal General - 2/26/19,CBA ordinance-W20P22,No,60
0,2019 Municipal General - 2/26/19,CBA ordinance-W20P23,Yes,194
1,2019 Municipal General - 2/26/19,CBA ordinance-W20P23,No,21
0,2019 Municipal General - 2/26/19,CBA ordinance-W22P15,Yes,129
1,2019 Municipal General - 2/26/19,CBA ordinance-W22P15,No,13
0,2019 Municipal General - 2/26/19,Marijuana funds-W24P05,Yes,68
1,2019 Municipal General - 2/26/19,Marijuana funds-W24P05,No,9
0,2019 Municipal General - 2/26/19,Marijuana funds-W24P20,Yes,111
1,2019 Municipal General - 2/26/19,Marijuana funds-W24P20,No,18
0,2019 Municipal General - 2/26/19,Marijuana funds-W24P30,Yes,88
1,2019 Municipal General - 2/26/19,Marijuana funds-W24P30,No,4
0,2019 Municipal General - 2/26/19,CBA ordinance-W25,Yes,605
1,2019 Municipal General - 2/26/19,CBA ordinance-W25,No,65
0,2019 Municipal General - 2/26/19,Rent control-W26P02,Yes,178
1,2019 Municipal General - 2/26/19,Rent control-W26P02,No,46
0,2019 Municipal General - 2/26/19,Rent control-W26P06,Yes,129
1,2019 Municipal General - 2/26/19,Rent control-W26P06,No,65
0,2019 Municipal General - 2/26/19,Rent control-W26P08,Yes,64
1,2019 Municipal General - 2/26/19,Rent control-W26P08,No,38
0,2019 Municipal General - 2/26/19,Rent control-W26P09,Yes,121
1,2019 Municipal General - 2/26/19,Rent control-W26P09,No,46
0,2019 Municipal General - 2/26/19,Rent control-W26P12,Yes,164
1,2019 Municipal General - 2/26/19,Rent control-W26P12,No,60
0,2019 Municipal General - 2/26/19,Mayoral candidates 1-7,JERRY JOYCE,40099
1,2019 Municipal General - 2/26/19,Mayoral candidates 1-7,PAUL VALLAS,30236
2,2019 Municipal General - 2/26/19,Mayoral candidates 1-7,WILLIE L. WILSON,59072
3,2019 Municipal General - 2/26/19,Mayoral candidates 1-7,TONI PRECKWINKLE,89343
4,2019 Municipal General - 2/26/19,Mayoral candidates 1-7,WILLIAM M. DALEY,82294
5,2019 Municipal General - 2/26/19,Mayoral candidates 1-7,GARRY MCCARTHY,14784
6,2019 Municipal General - 2/26/19,Mayoral candidates 1-7,GERY CHICO,34521
0,2019 Municipal General - 2/26/19,Rent control-W26P24,Yes,124
1,2019 Municipal General - 2/26/19,Rent control-W26P24,No,44
0,2019 Municipal General - 2/26/19,Rent control-W26P40,Yes,109
1,2019 Municipal General - 2/26/19,Rent control-W26P40,No,28
0,2019 Municipal General - 2/26/19,Marijuana funds-W28,Yes,6547
1,2019 Municipal General - 2/26/19,Marijuana funds-W28,No,1203
0,2019 Municipal General - 2/26/19,Marijuana funds-W29P02,Yes,248
1,2019 Municipal General - 2/26/19,Marijuana funds-W29P02,No,41
0,2019 Municipal General - 2/26/19,Marijuana funds-W29P03,Yes,189
1,2019 Municipal General - 2/26/19,Marijuana funds-W29P03,No,31
0,2019 Municipal General - 2/26/19,Marijuana funds-W29P16,Yes,196
1,2019 Municipal General - 2/26/19,Marijuana funds-W29P16,No,17
0,2019 Municipal General - 2/26/19,Marijuana funds-W29P26,Yes,231
1,2019 Municipal General - 2/26/19,Marijuana funds-W29P26,No,21
0,2019 Municipal General - 2/26/19,Marijuana funds-W29P28,Yes,220
1,2019 Municipal General - 2/26/19,Marijuana funds-W29P28,No,26
0,2019 Municipal General - 2/26/19,Rent control-W45P11,Yes,154
1,2019 Municipal General - 2/26/19,Rent control-W45P11,No,56
0,2019 Municipal General - 2/26/19,Rent control-W45P15,Yes,275
1,2019 Municipal General - 2/26/19,Rent control-W45P15,No,149
0,2019 Municipal Runoffs - 4/2/19,Mayor,LORI LIGHTFOOT,386039
1,2019 Municipal Runoffs - 4/2/19,Mayor,TONI PRECKWINKLE,137765
0,2019 Municipal Runoffs - 4/2/19,Treasurer,MELISSA CONYEARS-ERVIN,296293
1,2019 Municipal Runoffs - 4/2/19,Treasurer,AMEYA PAWAR,202714
0,2019 Municipal Runoffs - 4/2/19,Alderman 5th Ward,LESLIE A. HAIRSTON,6849
1,2019 Municipal Runoffs - 4/2/19,Alderman 5th Ward,WILLIAM CALLOWAY,6673
0,2019 Municipal Runoffs - 4/2/19,Alderman 6th Ward,RODERICK T. SAWYER,5966
1,2019 Municipal Runoffs - 4/2/19,Alderman 6th Ward,DEBORAH A. FOSTER-BONNER,5151
0,2019 Municipal Runoffs - 4/2/19,Alderman 15th Ward,RAYMOND A. LOPEZ,3220
1,2019 Municipal Runoffs - 4/2/19,Alderman 15th Ward,RAFAEL ''RAFA'' YANEZ,2174
0,2019 Municipal Runoffs - 4/2/19,Alderman 16th Ward,STEPHANIE D. COLEMAN,3822
1,2019 Municipal Runoffs - 4/2/19,Alderman 16th Ward,TONI L. FOULKES,1958
0,2019 Municipal Runoffs - 4/2/19,Alderman 20th Ward,JEANETTE B TAYLOR,4557
1,2019 Municipal Runoffs - 4/2/19,Alderman 20th Ward,NICOLE J. JOHNSON,3075
0,2019 Municipal Runoffs - 4/2/19,Alderman 21st Ward,"HOWARD B. BROOKINS, JR.",7183
1,2019 Municipal Runoffs - 4/2/19,Alderman 21st Ward,MARVIN MCNEIL,6294
0,2019 Municipal Runoffs - 4/2/19,Alderman 25th Ward,BYRON SIGCHO-LOPEZ,5224
1,2019 Municipal Runoffs - 4/2/19,Alderman 25th Ward,ALEXANDER ACEVEDO,4414
0,2019 Municipal Runoffs - 4/2/19,Alderman 30th Ward,ARIEL E. REBOYRAS,4097
1,2019 Municipal Runoffs - 4/2/19,Alderman 30th Ward,JESSICA W. GUTIERREZ,3795
0,2019 Municipal Runoffs - 4/2/19,Alderman 31st Ward,MILAGROS SANTIAGO,3017
1,2019 Municipal Runoffs - 4/2/19,Alderman 31st Ward,FELIX CARDONA JR.,3584
0,2019 Municipal Runoffs - 4/2/19,Alderman 33rd Ward,ROSSANA SANCHEZ,5754
1,2019 Municipal Runoffs - 4/2/19,Alderman 33rd Ward,DEBORAH L. MELL,5741
0,2019 Municipal Runoffs - 4/2/19,Alderman 39th Ward,SAMANTHA ''SAM'' NUGENT,7469
1,2019 Municipal Runoffs - 4/2/19,Alderman 39th Ward,ROBERT MURPHY,5876
0,2019 Municipal Runoffs - 4/2/19,Alderman 40th Ward,PATRICK J. O'CONNOR,6431
1,2019 Municipal Runoffs - 4/2/19,Alderman 40th Ward,ANDRÃ‰ VASQUEZ,7509
0,2019 Municipal Runoffs - 4/2/19,Alderman 43rd Ward,MICHELE SMITH,7435
1,2019 Municipal Runoffs - 4/2/19,Alderman 43rd Ward,DEREK LINDBLOM,6444
0,2019 Municipal Runoffs - 4/2/19,Alderman 46th Ward,JAMES CAPPLEMAN,7079
1,2019 Municipal Runoffs - 4/2/19,Alderman 46th Ward,MARIANNE LALONDE,7054
0,2019 Municipal Runoffs - 4/2/19,Alderman 47th Ward,MATT MARTIN,11813
1,2019 Municipal Runoffs - 4/2/19,Alderman 47th Ward,MICHAEL A. NEGRON,7089
0,2011 Municipal Runoffs - 4/5/11,Alderman 6th Ward,RODERICK T. SAWYER,5109
1,2011 Municipal Runoffs - 4/5/11,Alderman 6th Ward,FREDDRENNA M. LYLE,5005
0,2011 Municipal Runoffs - 4/5/11,Alderman 15th Ward,TONI L. FOULKES,2437
1,2011 Municipal Runoffs - 4/5/11,Alderman 15th Ward,RAYMOND A. LOPEZ,1113
0,2011 Municipal Runoffs - 4/5/11,Alderman 16th Ward,JOANN THOMPSON,2062
1,2011 Municipal Runoffs - 4/5/11,Alderman 16th Ward,HAL E. BASKIN,1592
0,2011 Municipal Runoffs - 4/5/11,Alderman 17th Ward,LATASHA R. THOMAS,3192
1,2011 Municipal Runoffs - 4/5/11,Alderman 17th Ward,DAVID H. MOORE,2871
0,2011 Municipal Runoffs - 4/5/11,Alderman 20th Ward,WILLIE B. COCHRAN,2428
1,2011 Municipal Runoffs - 4/5/11,Alderman 20th Ward,CHE ''RHYMEFEST'' SMITH,2090
0,2011 Municipal Runoffs - 4/5/11,Alderman 24th Ward,MICHAEL D. CHANDLER,3314
1,2011 Municipal Runoffs - 4/5/11,Alderman 24th Ward,SHARON DENISE DIXON,2176
0,2011 Municipal Runoffs - 4/5/11,Alderman 25th Ward,CUAHUTEMOC MORFIN,3321
1,2011 Municipal Runoffs - 4/5/11,Alderman 25th Ward,DANIEL ''DANNY'' SOLIS,3970
0,2011 Municipal Runoffs - 4/5/11,Alderman 36th Ward,NICHOLAS SPOSATO,5651
1,2011 Municipal Runoffs - 4/5/11,Alderman 36th Ward,JOHN A. RICE,4423
0,2011 Municipal Runoffs - 4/5/11,Alderman 38th Ward,TIMOTHY M. CULLERTON,4761
1,2011 Municipal Runoffs - 4/5/11,Alderman 38th Ward,TOM CARAVETTE,3119
0,2011 Municipal Runoffs - 4/5/11,Alderman 41st Ward,MARY O'CONNOR,7354
1,2011 Municipal Runoffs - 4/5/11,Alderman 41st Ward,MAURITA E. GAVIN,7104
0,2011 Municipal Runoffs - 4/5/11,Alderman 43rd Ward,TIM EGAN,4697
1,2011 Municipal Runoffs - 4/5/11,Alderman 43rd Ward,MICHELE SMITH,4947
0,2011 Municipal Runoffs - 4/5/11,Alderman 45th Ward,JOHN GARRIDO,6053
1,2011 Municipal Runoffs - 4/5/11,Alderman 45th Ward,JOHN ARENA,6083
0,2011 Municipal Runoffs - 4/5/11,Alderman 46th Ward,MARY ANNE ''MOLLY'' PHELAN,4440
1,2011 Municipal Runoffs - 4/5/11,Alderman 46th Ward,JAMES CAPPLEMAN,5527
0,2011 Municipal Runoffs - 4/5/11,Alderman 50th Ward,BERNARD L. STONE,3746
1,2011 Municipal Runoffs - 4/5/11,Alderman 50th Ward,DEBRA L. SILVERSTEIN,5952
0,2011 Municipal General - 2/22/11,Mayor,RAHM EMANUEL,326331
1,2011 Municipal General - 2/22/11,Mayor,MIGUEL DEL VALLE,54689
2,2011 Municipal General - 2/22/11,Mayor,CAROL MOSELEY BRAUN,53062
3,2011 Municipal General - 2/22/11,Mayor,GERY J. CHICO,141228
4,2011 Municipal General - 2/22/11,Mayor,PATRICIA VAN PELT WATKINS,9704
5,2011 Municipal General - 2/22/11,Mayor,"WILLIAM WALLS, III",5343
0,2011 Municipal General - 2/22/11,Clerk,PATRICIA HORTON,217993
1,2011 Municipal General - 2/22/11,Clerk,SUSANA A. MENDOZA,324742
0,2011 Municipal General - 2/22/11,Treasurer,STEPHANIE D. NEELY,479919
0,2011 Municipal General - 2/22/11,Alderman 1st Ward,PROCO ''JOE'' MORENO,7243
1,2011 Municipal General - 2/22/11,Alderman 1st Ward,RONALD J. BALTIERRA,457
2,2011 Municipal General - 2/22/11,Alderman 1st Ward,DEBORAH LOPEZ,2147
0,2011 Municipal General - 2/22/11,Alderman 2nd Ward,GENITA C. ROBINSON,4484
1,2011 Municipal General - 2/22/11,Alderman 2nd Ward,BOB FIORETTI,8028
2,2011 Municipal General - 2/22/11,Alderman 2nd Ward,FEDERICO SCIAMMARELLA,623
3,2011 Municipal General - 2/22/11,Alderman 2nd Ward,JAMES A. BOSCO,162
4,2011 Municipal General - 2/22/11,Alderman 2nd Ward,MELISSA CALLAHAN,666
5,2011 Municipal General - 2/22/11,Alderman 2nd Ward,ENRIQUE G. PEREZ,648
0,2011 Municipal General - 2/22/11,Alderman 3rd Ward,EBONY TILLMAN,2931
1,2011 Municipal General - 2/22/11,Alderman 3rd Ward,PAT DOWELL,5997
0,2011 Municipal General - 2/22/11,Alderman 4th Ward,WILLIAM D. ''WILL'' BURNS,8577
1,2011 Municipal General - 2/22/11,Alderman 4th Ward,BRIAN SCOTT,961
2,2011 Municipal General - 2/22/11,Alderman 4th Ward,NORMAN H. BOLDEN,1250
3,2011 Municipal General - 2/22/11,Alderman 4th Ward,JAMES E. WILLIAMS,184
4,2011 Municipal General - 2/22/11,Alderman 4th Ward,GEORGE RUMSEY,637
5,2011 Municipal General - 2/22/11,Alderman 4th Ward,ADAM L. MIGUEST,388
6,2011 Municipal General - 2/22/11,Alderman 4th Ward,LORI S. YOKOYAMA,1276
0,2011 Municipal General - 2/22/11,Alderman 5th Ward,ANNE MARIE MILES,2499
1,2011 Municipal General - 2/22/11,Alderman 5th Ward,MICHELE A. TANKERSLEY,454
2,2011 Municipal General - 2/22/11,Alderman 5th Ward,LESLIE A. HAIRSTON,7250
3,2011 Municipal General - 2/22/11,Alderman 5th Ward,GLENN ROSS,835
4,2011 Municipal General - 2/22/11,Alderman 5th Ward,CAROL HIGHTOWER CHALMERS,705
0,2011 Municipal General - 2/22/11,Alderman 6th Ward,RODERICK T. SAWYER,3758
1,2011 Municipal General - 2/22/11,Alderman 6th Ward,FREDDRENNA M. LYLE,6696
2,2011 Municipal General - 2/22/11,Alderman 6th Ward,BRIAN E. SLEET,313
3,2011 Municipal General - 2/22/11,Alderman 6th Ward,SEKUM WALKER,343
4,2011 Municipal General - 2/22/11,Alderman 6th Ward,CASSANDRA GOODRUM-BURTON,950
5,2011 Municipal General - 2/22/11,Alderman 6th Ward,RICHARD A. WOOTEN,2985
0,2011 Municipal General - 2/22/11,Alderman 7th Ward,LIONELL R. MARTIN,472
1,2011 Municipal General - 2/22/11,Alderman 7th Ward,GREGORY I. MITCHELL,1550
2,2011 Municipal General - 2/22/11,Alderman 7th Ward,DARCEL A. BEAVERS,3239
3,2011 Municipal General - 2/22/11,Alderman 7th Ward,SIDNEY H. BROOKS,182
4,2011 Municipal General - 2/22/11,Alderman 7th Ward,DEBORAH WASHINGTON,342
5,2011 Municipal General - 2/22/11,Alderman 7th Ward,SANDI JACKSON,6560
0,2011 Municipal General - 2/22/11,Alderman 8th Ward,FAHEEM SHABAZZ,2215
1,2011 Municipal General - 2/22/11,Alderman 8th Ward,MICHELLE A. HARRIS,10395
2,2011 Municipal General - 2/22/11,Alderman 8th Ward,BERTHA F. STARKS,713
3,2011 Municipal General - 2/22/11,Alderman 8th Ward,JAMES L. DANIELS,1879
0,2011 Municipal General - 2/22/11,Alderman 9th Ward,HAROLD ''NOONIE'' WARD,2015
1,2011 Municipal General - 2/22/11,Alderman 9th Ward,ANTHONY A. BEALE,6392
2,2011 Municipal General - 2/22/11,Alderman 9th Ward,EDDIE M. REED,808
3,2011 Municipal General - 2/22/11,Alderman 9th Ward,SANDRA J. WALTERS,1795
0,2011 Municipal General - 2/22/11,Alderman 10th Ward,JOHN A. POPE,6342
1,2011 Municipal General - 2/22/11,Alderman 10th Ward,JOSEPH A. NASELLA,422
2,2011 Municipal General - 2/22/11,Alderman 10th Ward,"RICHARD L. MARTINEZ, JR.",3825
3,2011 Municipal General - 2/22/11,Alderman 10th Ward,JOSE R. LEON,112
0,2011 Municipal General - 2/22/11,Alderman 11th Ward,JAMES A. BALCER,6767
1,2011 Municipal General - 2/22/11,Alderman 11th Ward,JOHN K. KOZLAR,2460
2,2011 Municipal General - 2/22/11,Alderman 11th Ward,CARL SEGVICH,1799
0,2011 Municipal General - 2/22/11,Alderman 12th Ward,JESUS ''JESSE'' INIGUEZ,798
1,2011 Municipal General - 2/22/11,Alderman 12th Ward,GEORGE CARDENAS,2697
2,2011 Municipal General - 2/22/11,Alderman 12th Ward,JOSE GUERECA,915
3,2011 Municipal General - 2/22/11,Alderman 12th Ward,ALBERTO BOCANEGRA JR.,324
4,2011 Municipal General - 2/22/11,Alderman 12th Ward,MARIA E. ''CHULA'' ORTIZ,138
0,2011 Municipal General - 2/22/11,Alderman 13th Ward,MARTY QUINN,11601
0,2011 Municipal General - 2/22/11,Alderman 14th Ward,EDWARD M. BURKE,5907
0,2011 Municipal General - 2/22/11,Alderman 15th Ward,SAMMY CLIFFORD PACK JR.,732
1,2011 Municipal General - 2/22/11,Alderman 15th Ward,SANDRA L. MALLORY,378
2,2011 Municipal General - 2/22/11,Alderman 15th Ward,SYRON M. SMITH,421
3,2011 Municipal General - 2/22/11,Alderman 15th Ward,TONI L. FOULKES,3110
4,2011 Municipal General - 2/22/11,Alderman 15th Ward,RAYMOND A. LOPEZ,1059
5,2011 Municipal General - 2/22/11,Alderman 15th Ward,HAROLD L. BAILEY,776
6,2011 Municipal General - 2/22/11,Alderman 15th Ward,FELICIA H. SIMMONS-STOVALL,583
0,2011 Municipal General - 2/22/11,Alderman 16th Ward,JOANN THOMPSON,2655
1,2011 Municipal General - 2/22/11,Alderman 16th Ward,ERIC HERMOSILLO,961
2,2011 Municipal General - 2/22/11,Alderman 16th Ward,EDDIE JOHNSON  III,216
3,2011 Municipal General - 2/22/11,Alderman 16th Ward,HAL E. BASKIN,1385
4,2011 Municipal General - 2/22/11,Alderman 16th Ward,JAVIER DIAZ,272
5,2011 Municipal General - 2/22/11,Alderman 16th Ward,TAMEKA GAVIN,207
6,2011 Municipal General - 2/22/11,Alderman 16th Ward,JEFFREY L. LEWIS,94
7,2011 Municipal General - 2/22/11,Alderman 16th Ward,RONALD MITCHELL,198
8,2011 Municipal General - 2/22/11,Alderman 16th Ward,JONATHAN T. STAMPS,128
0,2011 Municipal General - 2/22/11,Alderman 17th Ward,LATASHA R. THOMAS,4813
1,2011 Municipal General - 2/22/11,Alderman 17th Ward,ANTOINE MEMBERS,1114
2,2011 Municipal General - 2/22/11,Alderman 17th Ward,DAVID H. MOORE,1940
3,2011 Municipal General - 2/22/11,Alderman 17th Ward,MICHAEL F. DANIELS,490
4,2011 Municipal General - 2/22/11,Alderman 17th Ward,VIRGIL S. MEANS,230
5,2011 Municipal General - 2/22/11,Alderman 17th Ward,TWAUNDELLA TAYLOR,379
6,2011 Municipal General - 2/22/11,Alderman 17th Ward,RONALD CARTER,632
7,2011 Municipal General - 2/22/11,Alderman 17th Ward,PAULETTE COLEMAN,302
0,2011 Municipal General - 2/22/11,Alderman 18th Ward,LONA LANE,7814
1,2011 Municipal General - 2/22/11,Alderman 18th Ward,"JOSEPH C. ZIEGLER, JR.",2267
2,2011 Municipal General - 2/22/11,Alderman 18th Ward,MICHAEL A. DAVIS,2181
3,2011 Municipal General - 2/22/11,Alderman 18th Ward,MANNY ROMAN,717
4,2011 Municipal General - 2/22/11,Alderman 18th Ward,CHUKS ONYEZIA,2463
0,2011 Municipal General - 2/22/11,Alderman 19th Ward,MATTHEW J. O'SHEA,14526
1,2011 Municipal General - 2/22/11,Alderman 19th Ward,ANNE SCHAIBLE,6551
2,2011 Municipal General - 2/22/11,Alderman 19th Ward,RAYMOND (RAY) CORONADO,600
3,2011 Municipal General - 2/22/11,Alderman 19th Ward,GEORGE G. NEWELL,729
4,2011 Municipal General - 2/22/11,Alderman 19th Ward,PHILLIP R. SHERLOCK,1321
0,2011 Municipal General - 2/22/11,Alderman 20th Ward,GEORGE E. DAVIS,1213
1,2011 Municipal General - 2/22/11,Alderman 20th Ward,ANDRE SMITH,1090
2,2011 Municipal General - 2/22/11,Alderman 20th Ward,WILLIE B. COCHRAN,3433
3,2011 Municipal General - 2/22/11,Alderman 20th Ward,CHE ''RHYMEFEST'' SMITH,1483
4,2011 Municipal General - 2/22/11,Alderman 20th Ward,SIDNEY (SID) SHELTON,248
0,2011 Municipal General - 2/22/11,Alderman 21st Ward,SHELDON L. SHERMAN,3045
1,2011 Municipal General - 2/22/11,Alderman 21st Ward,PATRICIA A. FOSTER,1865
2,2011 Municipal General - 2/22/11,Alderman 21st Ward,SYLVIA Y. JONES,1620
3,2011 Municipal General - 2/22/11,Alderman 21st Ward,"HOWARD B. BROOKINS, JR.",8509
4,2011 Municipal General - 2/22/11,Alderman 21st Ward,JEROME MADDOX,337
0,2011 Municipal General - 2/22/11,Alderman 22nd Ward,RICARDO MUNOZ,2805
1,2011 Municipal General - 2/22/11,Alderman 22nd Ward,NEFTALIE GONZALEZ,1548
0,2011 Municipal General - 2/22/11,Alderman 23rd Ward,CHARLES V. ''CHUCK'' MAIDA,2243
1,2011 Municipal General - 2/22/11,Alderman 23rd Ward,MICHAEL R. ZALEWSKI,8659
2,2011 Municipal General - 2/22/11,Alderman 23rd Ward,ANNA GORAL,5546
0,2011 Municipal General - 2/22/11,Alderman 24th Ward,WALLACE E. ''MICKEY'' JOHNSON,488
1,2011 Municipal General - 2/22/11,Alderman 24th Ward,WILBERT E. COOK  III,469
2,2011 Municipal General - 2/22/11,Alderman 24th Ward,CHAUNCEY L. STROUD,608
3,2011 Municipal General - 2/22/11,Alderman 24th Ward,SONDRA R. (SAM) SPELLMAN,443
4,2011 Municipal General - 2/22/11,Alderman 24th Ward,MELISSA L. WILLIAMS,373
5,2011 Municipal General - 2/22/11,Alderman 24th Ward,VALERIE F. LEONARD,705
6,2011 Municipal General - 2/22/11,Alderman 24th Ward,VETRESS BOYCE,848
7,2011 Municipal General - 2/22/11,Alderman 24th Ward,MICHAEL D. CHANDLER,1218
8,2011 Municipal General - 2/22/11,Alderman 24th Ward,JULIUS ANDERSON,484
9,2011 Municipal General - 2/22/11,Alderman 24th Ward,SHAVONDA FIELDS,611
10,2011 Municipal General - 2/22/11,Alderman 24th Ward,JIMMY LEE LARD,38
11,2011 Municipal General - 2/22/11,Alderman 24th Ward,REGINA D. LEWIS,313
12,2011 Municipal General - 2/22/11,Alderman 24th Ward,JEFFERY D. TURNER,207
13,2011 Municipal General - 2/22/11,Alderman 24th Ward,MARTAVIUS ''MARK'' CARTER,50
14,2011 Municipal General - 2/22/11,Alderman 24th Ward,LARRY G. NELSON,113
15,2011 Municipal General - 2/22/11,Alderman 24th Ward,DONIELLE C. LAWSON,137
16,2011 Municipal General - 2/22/11,Alderman 24th Ward,FRANK M. BASS,347
17,2011 Municipal General - 2/22/11,Alderman 24th Ward,SHARON DENISE DIXON,1803
0,2011 Municipal General - 2/22/11,Alderman 25th Ward,CUAHUTEMOC MORFIN,2467
1,2011 Municipal General - 2/22/11,Alderman 25th Ward,DANIEL ''DANNY'' SOLIS,4315
2,2011 Municipal General - 2/22/11,Alderman 25th Ward,AMBROSIO ''AMBI'' MEDRANO JR.,2041
0,2011 Municipal General - 2/22/11,Alderman 26th Ward,ROBERTO MALDONADO,6126
1,2011 Municipal General - 2/22/11,Alderman 26th Ward,DEVON REID,1312
0,2011 Municipal General - 2/22/11,Alderman 27th Ward,TOM COURTNEY,2078
1,2011 Municipal General - 2/22/11,Alderman 27th Ward,"WALTER BURNETT, JR.",6686
2,2011 Municipal General - 2/22/11,Alderman 27th Ward,GEVONNA FASSETT,665
0,2011 Municipal General - 2/22/11,Alderman 28th Ward,WILLIAM SIEGMUND,1038
1,2011 Municipal General - 2/22/11,Alderman 28th Ward,JASON C. ERVIN,5742
0,2011 Municipal General - 2/22/11,Alderman 29th Ward,C B JOHNSON,1261
1,2011 Municipal General - 2/22/11,Alderman 29th Ward,DEBORAH L. GRAHAM,5521
2,2011 Municipal General - 2/22/11,Alderman 29th Ward,THOMAS E. SIMMONS,1267
3,2011 Municipal General - 2/22/11,Alderman 29th Ward,MARY RUSSELL GARDNER,1004
4,2011 Municipal General - 2/22/11,Alderman 29th Ward,JILL R. BUSH,695
5,2011 Municipal General - 2/22/11,Alderman 29th Ward,ODDIS''O.J''JOHNSON,208
6,2011 Municipal General - 2/22/11,Alderman 29th Ward,ROMAN MORROW,305
7,2011 Municipal General - 2/22/11,Alderman 29th Ward,BEVERLY D. ROGERS,342
0,2011 Municipal General - 2/22/11,Alderman 30th Ward,STELLA NICPON,617
1,2011 Municipal General - 2/22/11,Alderman 30th Ward,ARIEL E. REBOYRAS,4697
2,2011 Municipal General - 2/22/11,Alderman 30th Ward,DOUG CANNON,378
3,2011 Municipal General - 2/22/11,Alderman 30th Ward,CHESTER R. HORNOWSKI,559
0,2011 Municipal General - 2/22/11,Alderman 31st Ward,REGNER ''RAY'' SUAREZ,5508
0,2011 Municipal General - 2/22/11,Alderman 32nd Ward,DAVID M. PAVLIK,2322
1,2011 Municipal General - 2/22/11,Alderman 32nd Ward,SCOTT WAGUESPACK,8845
2,2011 Municipal General - 2/22/11,Alderman 32nd Ward,BRIAN GORMAN,781
3,2011 Municipal General - 2/22/11,Alderman 32nd Ward,BRYAN P. LYNCH,1489
0,2011 Municipal General - 2/22/11,Alderman 33rd Ward,RICHARD F. MELL,6667
0,2011 Municipal General - 2/22/11,Alderman 34th Ward,BURL L. MCQUEEN,664
1,2011 Municipal General - 2/22/11,Alderman 34th Ward,HENRY MOSES,2130
2,2011 Municipal General - 2/22/11,Alderman 34th Ward,CARRIE M. AUSTIN,9218
3,2011 Municipal General - 2/22/11,Alderman 34th Ward,SHIRLEY J. WHITE,1540
4,2011 Municipal General - 2/22/11,Alderman 34th Ward,MICHAEL E. MAYDEN,631
0,2011 Municipal General - 2/22/11,Alderman 35th Ward,MIGUEL SOTOMAYOR,2185
1,2011 Municipal General - 2/22/11,Alderman 35th Ward,REY COLON,4474
2,2011 Municipal General - 2/22/11,Alderman 35th Ward,NANCY SCHIAVONE,2127
0,2011 Municipal General - 2/22/11,Alderman 36th Ward,NICHOLAS SPOSATO,3373
1,2011 Municipal General - 2/22/11,Alderman 36th Ward,JOHN A. RICE,6756
2,2011 Municipal General - 2/22/11,Alderman 36th Ward,THOMAS J. MOTZNY,652
3,2011 Municipal General - 2/22/11,Alderman 36th Ward,BRUCE RANDAZZO,633
4,2011 Municipal General - 2/22/11,Alderman 36th Ward,JODI BIANCALANA,1981
5,2011 Municipal General - 2/22/11,Alderman 36th Ward,BRIAN MURPHY,657
0,2011 Municipal General - 2/22/11,Alderman 37th Ward,EMMA M. MITTS,5133
1,2011 Municipal General - 2/22/11,Alderman 37th Ward,MARETTA BROWN-MILLER,2086
2,2011 Municipal General - 2/22/11,Alderman 37th Ward,MINERVA V. OROZCO,450
3,2011 Municipal General - 2/22/11,Alderman 37th Ward,STEVEN E. PLEASANT,351
4,2011 Municipal General - 2/22/11,Alderman 37th Ward,TOMMY O. ABINA,344
5,2011 Municipal General - 2/22/11,Alderman 37th Ward,SHANIKA J. FINLEY,414
0,2011 Municipal General - 2/22/11,Alderman 38th Ward,TIMOTHY M. CULLERTON,5833
1,2011 Municipal General - 2/22/11,Alderman 38th Ward,TOM CARAVETTE,2713
2,2011 Municipal General - 2/22/11,Alderman 38th Ward,CARMEN HERNANDEZ,728
3,2011 Municipal General - 2/22/11,Alderman 38th Ward,JOHN R. VIDECKIS,404
4,2011 Municipal General - 2/22/11,Alderman 38th Ward,EDMUND ''ED'' J. QUARTULLO,239
5,2011 Municipal General - 2/22/11,Alderman 38th Ward,MAHMOUD BAMBOUYANI,707
6,2011 Municipal General - 2/22/11,Alderman 38th Ward,BART GOLDBERG,956
7,2011 Municipal General - 2/22/11,Alderman 38th Ward,SHERYL M. MORABITO,676
0,2011 Municipal General - 2/22/11,Alderman 39th Ward,MARGARET LAURINO,7781
1,2011 Municipal General - 2/22/11,Alderman 39th Ward,MARY K. HUNTER,2408
0,2011 Municipal General - 2/22/11,Alderman 40th Ward,PATRICK J. O'CONNOR,8712
0,2011 Municipal General - 2/22/11,Alderman 41st Ward,THOMAS PATRICK MURPHEY,1764
1,2011 Municipal General - 2/22/11,Alderman 41st Ward,DANIEL T. LAPINSKI,1625
2,2011 Municipal General - 2/22/11,Alderman 41st Ward,JAMES J. SCHAMNE,156
3,2011 Municipal General - 2/22/11,Alderman 41st Ward,JOHN JOSEPH QUINN,546
4,2011 Municipal General - 2/22/11,Alderman 41st Ward,MARY O'CONNOR,6132
5,2011 Municipal General - 2/22/11,Alderman 41st Ward,RICHARD GONZALEZ,1918
6,2011 Municipal General - 2/22/11,Alderman 41st Ward,MAURITA E. GAVIN,5030
7,2011 Municipal General - 2/22/11,Alderman 41st Ward,GEORGE BANNA,135
8,2011 Municipal General - 2/22/11,Alderman 41st Ward,BARBARA ATECA,359
9,2011 Municipal General - 2/22/11,Alderman 41st Ward,JIM MULLEN,1695
10,2011 Municipal General - 2/22/11,Alderman 41st Ward,BROCK MERCK,749
0,2011 Municipal General - 2/22/11,Alderman 42nd Ward,BRENDAN REILLY,15893
0,2011 Municipal General - 2/22/11,Alderman 43rd Ward,JIM HINKAMP,394
1,2011 Municipal General - 2/22/11,Alderman 43rd Ward,TIM EGAN,4085
2,2011 Municipal General - 2/22/11,Alderman 43rd Ward,RAFAEL A. VARGAS,1271
3,2011 Municipal General - 2/22/11,Alderman 43rd Ward,BITA BUENROSTRO,424
4,2011 Municipal General - 2/22/11,Alderman 43rd Ward,CHARLES E. EASTWOOD,1480
5,2011 Municipal General - 2/22/11,Alderman 43rd Ward,MICHAEL ''MIKE'' JANKOVICH,364
6,2011 Municipal General - 2/22/11,Alderman 43rd Ward,MICHELE SMITH,5419
7,2011 Municipal General - 2/22/11,Alderman 43rd Ward,CARMEN OLMETTI,157
8,2011 Municipal General - 2/22/11,Alderman 43rd Ward,MITCHELL A. NEWMAN,673
0,2011 Municipal General - 2/22/11,Alderman 44th Ward,THOMAS M. TUNNEY,11129
0,2011 Municipal General - 2/22/11,Alderman 45th Ward,DON BLAIR,973
1,2011 Municipal General - 2/22/11,Alderman 45th Ward,JOHN GARRIDO,5142
2,2011 Municipal General - 2/22/11,Alderman 45th Ward,JOHN ARENA,3598
3,2011 Municipal General - 2/22/11,Alderman 45th Ward,ANNA KLOCEK,1201
4,2011 Municipal General - 2/22/11,Alderman 45th Ward,MARINA YOLANDA FAZ-HUPPERT,3095
5,2011 Municipal General - 2/22/11,Alderman 45th Ward,BRUNO BELLISSIMO,216
6,2011 Municipal General - 2/22/11,Alderman 45th Ward,MICHAEL FITZGERALD WARD,1654
0,2011 Municipal General - 2/22/11,Alderman 46th Ward,BEFEKADU T. RETTA,607
1,2011 Municipal General - 2/22/11,Alderman 46th Ward,MARY ANNE ''MOLLY'' PHELAN,2727
2,2011 Municipal General - 2/22/11,Alderman 46th Ward,MICHAEL CARROLL,1251
3,2011 Municipal General - 2/22/11,Alderman 46th Ward,DON NOWOTNY,1602
4,2011 Municipal General - 2/22/11,Alderman 46th Ward,JAMES CAPPLEMAN,2732
5,2011 Municipal General - 2/22/11,Alderman 46th Ward,DIANE SHAPIRO,461
6,2011 Municipal General - 2/22/11,Alderman 46th Ward,ANDY W. LAM,187
7,2011 Municipal General - 2/22/11,Alderman 46th Ward,EMILY STEWART,2031
8,2011 Municipal General - 2/22/11,Alderman 46th Ward,MARC KAPLAN,1339
9,2011 Municipal General - 2/22/11,Alderman 46th Ward,CAITLIN MCINTYRE,144
10,2011 Municipal General - 2/22/11,Alderman 46th Ward,SCOTT BASKIN,825
0,2011 Municipal General - 2/22/11,Alderman 47th Ward,MATT REICHEL,605
1,2011 Municipal General - 2/22/11,Alderman 47th Ward,AMEYA PAWAR,8572
2,2011 Municipal General - 2/22/11,Alderman 47th Ward,TOM O'DONNELL,7347
3,2011 Municipal General - 2/22/11,Alderman 47th Ward,TOM JACKS,353
0,2011 Municipal General - 2/22/11,Alderman 48th Ward,HARRY OSTERMAN,10465
1,2011 Municipal General - 2/22/11,Alderman 48th Ward,PATRICK MCDONOUGH,648
2,2011 Municipal General - 2/22/11,Alderman 48th Ward,STEVEN CHERESKA,363
3,2011 Municipal General - 2/22/11,Alderman 48th Ward,JOSE E. ARTEAGA,658
4,2011 Municipal General - 2/22/11,Alderman 48th Ward,PHILIP R. BERNSTEIN,728
0,2011 Municipal General - 2/22/11,Alderman 49th Ward,JOE MOORE,6929
1,2011 Municipal General - 2/22/11,Alderman 49th Ward,BRIAN WHITE,2688
0,2011 Municipal General - 2/22/11,Alderman 50th Ward,BERNARD L. STONE,4305
1,2011 Municipal General - 2/22/11,Alderman 50th Ward,MICHAEL CHARLES MOSES,487
2,2011 Municipal General - 2/22/11,Alderman 50th Ward,DEBRA L. SILVERSTEIN,3864
3,2011 Municipal General - 2/22/11,Alderman 50th Ward,GREG BREWER,2158
4,2011 Municipal General - 2/22/11,Alderman 50th Ward,AHMED KHAN,673
0,2011 Municipal General - 2/22/11,Police Substation Wd 03 Pct 32,Yes,167
1,2011 Municipal General - 2/22/11,Police Substation Wd 03 Pct 32,No,10
0,2011 Municipal General - 2/22/11,Sales Limits Wd 03 Pct 32,Yes,124
1,2011 Municipal General - 2/22/11,Sales Limits Wd 03 Pct 32,No,51
0,2011 Municipal General - 2/22/11,Hours Limits Wd 03 Pct 32,Yes,155
1,2011 Municipal General - 2/22/11,Hours Limits Wd 03 Pct 32,No,20
0,2011 Municipal General - 2/22/11,Police Substation Wd 03 Pct 35,Yes,194
1,2011 Municipal General - 2/22/11,Police Substation Wd 03 Pct 35,No,22
0,2011 Municipal General - 2/22/11,Sales Limits Wd 03 Pct 35,Yes,125
1,2011 Municipal General - 2/22/11,Sales Limits Wd 03 Pct 35,No,87
0,2011 Municipal General - 2/22/11,Hours Limits Wd 03 Pct 35,Yes,152
1,2011 Municipal General - 2/22/11,Hours Limits Wd 03 Pct 35,No,60
0,2011 Municipal General - 2/22/11,Alcoholic Liquor Wd 26 Pct 02,Yes,159
1,2011 Municipal General - 2/22/11,Alcoholic Liquor Wd 26 Pct 02,No,42
0,2011 Municipal General - 2/22/11,"Public Park Development Wd 40 Pct 22, 33 and 46",Yes,602
1,2011 Municipal General - 2/22/11,"Public Park Development Wd 40 Pct 22, 33 and 46",No,97
0,2011 Municipal General - 2/22/11,Public Park Development Wd 40 Pct 41 and 42,Yes,548
1,2011 Municipal General - 2/22/11,Public Park Development Wd 40 Pct 41 and 42,No,67
0,2011 Municipal General - 2/22/11,L.P.H. Site - Retail Space Wd 43 Pct 31,Yes,135
1,2011 Municipal General - 2/22/11,L.P.H. Site - Retail Space Wd 43 Pct 31,No,177
0,2011 Municipal General - 2/22/11,L.P.H Site - Dock Access Wd 43 Pct 31,Yes,87
1,2011 Municipal General - 2/22/11,L.P.H Site - Dock Access Wd 43 Pct 31,No,217
0,2011 Municipal General - 2/22/11,L.P.H. Site - Loading Docks Wd 43 Pct 31,Yes,70
1,2011 Municipal General - 2/22/11,L.P.H. Site - Loading Docks Wd 43 Pct 31,No,227
0,2007 Municipal Runoffs - 4/17/07,Alderman 2nd Ward,Bob Fioretti,6175
1,2007 Municipal Runoffs - 4/17/07,Alderman 2nd Ward,Madeline L. Haithcock,3224
0,2007 Municipal Runoffs - 4/17/07,Alderman 3rd Ward,Dorothy J. Tillman,3852
1,2007 Municipal Runoffs - 4/17/07,Alderman 3rd Ward,Pat Dowell,4517
0,2007 Municipal Runoffs - 4/17/07,Alderman 15th Ward,Toni L. Foulkes,2795
1,2007 Municipal Runoffs - 4/17/07,Alderman 15th Ward,Felicia H. Simmons-Stovall,1846
0,2007 Municipal Runoffs - 4/17/07,Alderman 16th Ward,Joann Thompson,2981
1,2007 Municipal Runoffs - 4/17/07,Alderman 16th Ward,Shirley A. Coleman,2297
0,2007 Municipal Runoffs - 4/17/07,Alderman 18th Ward,Lona Lane,6053
1,2007 Municipal Runoffs - 4/17/07,Alderman 18th Ward,Paul Stewart,2917
0,2007 Municipal Runoffs - 4/17/07,Alderman 21st Ward,"Howard B. Brookins, Jr.",6423
1,2007 Municipal Runoffs - 4/17/07,Alderman 21st Ward,"Leroy J. Jones, Jr.",4140
0,2007 Municipal Runoffs - 4/17/07,Alderman 24th Ward,Michael D. Chandler,3112
1,2007 Municipal Runoffs - 4/17/07,Alderman 24th Ward,Sharon Denise Dixon,3304
0,2007 Municipal Runoffs - 4/17/07,Alderman 32nd Ward,Ted Matlak,4058
1,2007 Municipal Runoffs - 4/17/07,Alderman 32nd Ward,Scott Waguespack,4179
0,2007 Municipal Runoffs - 4/17/07,Alderman 35th Ward,Rey ColÃ³n,4076
1,2007 Municipal Runoffs - 4/17/07,Alderman 35th Ward,Vilma Colom,2467
0,2007 Municipal Runoffs - 4/17/07,Alderman 43rd Ward,Vi Daley,4483
1,2007 Municipal Runoffs - 4/17/07,Alderman 43rd Ward,Michele Smith,3838
0,2007 Municipal Runoffs - 4/17/07,Alderman 49th Ward,Joe Moore,4027
1,2007 Municipal Runoffs - 4/17/07,Alderman 49th Ward,Don Gordon,3776
0,2007 Municipal Runoffs - 4/17/07,Alderman 50th Ward,Bernard L. Stone,6015
1,2007 Municipal Runoffs - 4/17/07,Alderman 50th Ward,Naisy Dolar,5310
0,2007 Municipal General - 2/27/07,MAYOR,Richard M. Daley,324519
1,2007 Municipal General - 2/27/07,MAYOR,"William Walls, III",40368
2,2007 Municipal General - 2/27/07,MAYOR,Dorothy A. Brown,91878
0,2007 Municipal General - 2/27/07,CLERK,Miguel Del Valle,244022
1,2007 Municipal General - 2/27/07,CLERK,Jose Cerda III,32792
2,2007 Municipal General - 2/27/07,CLERK,Diane Jones,145694
0,2007 Municipal General - 2/27/07,TREASURER,Stephanie D. Neely,376420
0,2007 Municipal General - 2/27/07,Alderman 1st Ward,Manuel ''Manny'' Flores,4629
0,2007 Municipal General - 2/27/07,Alderman 2nd Ward,Madeline L. Haithcock,2319
1,2007 Municipal General - 2/27/07,Alderman 2nd Ward,Bob Fioretti,3075
2,2007 Municipal General - 2/27/07,Alderman 2nd Ward,Larry Doody,1284
3,2007 Municipal General - 2/27/07,Alderman 2nd Ward,David R. Askew,1756
4,2007 Municipal General - 2/27/07,Alderman 2nd Ward,Kenny Johnson,1570
5,2007 Municipal General - 2/27/07,Alderman 2nd Ward,"Wallace Davis, Jr.",1099
0,2007 Municipal General - 2/27/07,Alderman 3rd Ward,Dorothy J. Tillman,3476
1,2007 Municipal General - 2/27/07,Alderman 3rd Ward,Mell Monroe,1341
2,2007 Municipal General - 2/27/07,Alderman 3rd Ward,Pat Dowell,3077
3,2007 Municipal General - 2/27/07,Alderman 3rd Ward,Benjamin Harris,95
4,2007 Municipal General - 2/27/07,Alderman 3rd Ward,Angelo James,98
0,2007 Municipal General - 2/27/07,Alderman 4th Ward,Toni Preckwinkle,7601
1,2007 Municipal General - 2/27/07,Alderman 4th Ward,Norman H. Bolden,2403
0,2007 Municipal General - 2/27/07,Alderman 5th Ward,Oscar Worrill,1769
1,2007 Municipal General - 2/27/07,Alderman 5th Ward,Leslie A. Hairston,6748
2,2007 Municipal General - 2/27/07,Alderman 5th Ward,Sylvester ''Junebug'' Hendricks,520
0,2007 Municipal General - 2/27/07,Alderman 6th Ward,Karin M. Norington-Reaves,1840
1,2007 Municipal General - 2/27/07,Alderman 6th Ward,Freddrenna M. Lyle,6912
2,2007 Municipal General - 2/27/07,Alderman 6th Ward,Thelma F. Andrews,568
3,2007 Municipal General - 2/27/07,Alderman 6th Ward,Eugene C. Davis,3727
0,2007 Municipal General - 2/27/07,Alderman 7th Ward,Ron David,953
1,2007 Municipal General - 2/27/07,Alderman 7th Ward,Darcel A. Beavers,4007
2,2007 Municipal General - 2/27/07,Alderman 7th Ward,Eric R. Brown,216
3,2007 Municipal General - 2/27/07,Alderman 7th Ward,Sandi Jackson,6793
0,2007 Municipal General - 2/27/07,Alderman 8th Ward,Faheem Shabazz,1182
1,2007 Municipal General - 2/27/07,Alderman 8th Ward,Derrick T. Prince,768
2,2007 Municipal General - 2/27/07,Alderman 8th Ward,Joseph McAfee,1260
3,2007 Municipal General - 2/27/07,Alderman 8th Ward,Michelle A. Harris,8446
4,2007 Municipal General - 2/27/07,Alderman 8th Ward,Cliff Underwood,1055
5,2007 Municipal General - 2/27/07,Alderman 8th Ward,Dennis Allen,346
6,2007 Municipal General - 2/27/07,Alderman 8th Ward,Sharon Ann Adams,333
7,2007 Municipal General - 2/27/07,Alderman 8th Ward,Van B. Newell Jr.,553
0,2007 Municipal General - 2/27/07,Alderman 9th Ward,Earick D. Rayburn,1995
1,2007 Municipal General - 2/27/07,Alderman 9th Ward,Anthony A. Beale,5603
2,2007 Municipal General - 2/27/07,Alderman 9th Ward,Harold Noonie Ward,416
3,2007 Municipal General - 2/27/07,Alderman 9th Ward,Deborah E. Levi,1672
0,2007 Municipal General - 2/27/07,Alderman 10th Ward,John A. Pope,6218
1,2007 Municipal General - 2/27/07,Alderman 10th Ward,Thomas M. Malesh,941
2,2007 Municipal General - 2/27/07,Alderman 10th Ward,Dinah Ramirez,1679
0,2007 Municipal General - 2/27/07,Alderman 11th Ward,Carl Segvich,2035
1,2007 Municipal General - 2/27/07,Alderman 11th Ward,James A. Balcer,7615
0,2007 Municipal General - 2/27/07,Alderman 12th Ward,Carina E. Sanchez,1225
1,2007 Municipal General - 2/27/07,Alderman 12th Ward,Jesus (Jesse) Iniguez,61
2,2007 Municipal General - 2/27/07,Alderman 12th Ward,George Cardenas,2592
3,2007 Municipal General - 2/27/07,Alderman 12th Ward,Alan R. Mercado,158
4,2007 Municipal General - 2/27/07,Alderman 12th Ward,Jesus G. Salazar,180
5,2007 Municipal General - 2/27/07,Alderman 12th Ward,Alberto Bocanegra Jr.,163
0,2007 Municipal General - 2/27/07,Alderman 13th Ward,Frank J. Olivo,10828
0,2007 Municipal General - 2/27/07,Alderman 14th Ward,Edward M. Burke,5027
1,2007 Municipal General - 2/27/07,Alderman 14th Ward,Paloma M. Andrade,576
0,2007 Municipal General - 2/27/07,Alderman 15th Ward,Felicia H. Simmons-Stovall,1604
1,2007 Municipal General - 2/27/07,Alderman 15th Ward,Janice Jeffries,320
2,2007 Municipal General - 2/27/07,Alderman 15th Ward,Toni L. Foulkes,2039
3,2007 Municipal General - 2/27/07,Alderman 15th Ward,"Tommie Grayer, Sr.",208
4,2007 Municipal General - 2/27/07,Alderman 15th Ward,Sandra L. Mallory,185
5,2007 Municipal General - 2/27/07,Alderman 15th Ward,Richard L. Anderson,189
6,2007 Municipal General - 2/27/07,Alderman 15th Ward,Brian E. Dunn,180
7,2007 Municipal General - 2/27/07,Alderman 15th Ward,Vesta Lewis Dixon,227
8,2007 Municipal General - 2/27/07,Alderman 15th Ward,Denise Dixon,468
9,2007 Municipal General - 2/27/07,Alderman 15th Ward,William Burch,332
10,2007 Municipal General - 2/27/07,Alderman 15th Ward,"Shawn D. Monroe, Sr.",294
0,2007 Municipal General - 2/27/07,Alderman 16th Ward,Shirley A. Coleman,2242
1,2007 Municipal General - 2/27/07,Alderman 16th Ward,Joann Thompson,2536
2,2007 Municipal General - 2/27/07,Alderman 16th Ward,Denise P. Brown,330
3,2007 Municipal General - 2/27/07,Alderman 16th Ward,Eddie Johnson III,79
4,2007 Municipal General - 2/27/07,Alderman 16th Ward,Jeffrey L. Lewis,97
5,2007 Municipal General - 2/27/07,Alderman 16th Ward,Hal E. Baskin,820
0,2007 Municipal General - 2/27/07,Alderman 17th Ward,Latasha R. Thomas,5948
1,2007 Municipal General - 2/27/07,Alderman 17th Ward,Tyrone De'Andre Hawthorne,1380
2,2007 Municipal General - 2/27/07,Alderman 17th Ward,Yvette Williams,1196
3,2007 Municipal General - 2/27/07,Alderman 17th Ward,Charles Partlow Jr.,413
0,2007 Municipal General - 2/27/07,Alderman 18th Ward,Paul Stewart,3484
1,2007 Municipal General - 2/27/07,Alderman 18th Ward,Lona Lane,6458
2,2007 Municipal General - 2/27/07,Alderman 18th Ward,Eldora Davis,786
3,2007 Municipal General - 2/27/07,Alderman 18th Ward,Sydney A. Washington,1005
4,2007 Municipal General - 2/27/07,Alderman 18th Ward,"Joseph C. Ziegler, Jr.",1495
0,2007 Municipal General - 2/27/07,Alderman 19th Ward,John Somerville,5954
1,2007 Municipal General - 2/27/07,Alderman 19th Ward,Timothy J. Sheehan,3781
2,2007 Municipal General - 2/27/07,Alderman 19th Ward,Virginia A. Rugai,11685
0,2007 Municipal General - 2/27/07,Alderman 20th Ward,Arenda Troutman,2284
1,2007 Municipal General - 2/27/07,Alderman 20th Ward,Willie B. Cochran,4461
2,2007 Municipal General - 2/27/07,Alderman 20th Ward,Edward Chaney,388
0,2007 Municipal General - 2/27/07,Alderman 21st Ward,Mildred McClendon,1082
1,2007 Municipal General - 2/27/07,Alderman 21st Ward,Sylvia Y. Jones,1260
2,2007 Municipal General - 2/27/07,Alderman 21st Ward,"Leroy J. Jones, Jr.",4815
3,2007 Municipal General - 2/27/07,Alderman 21st Ward,Dwayne Belle,452
4,2007 Municipal General - 2/27/07,Alderman 21st Ward,"Howard B. Brookins, Jr.",6487
0,2007 Municipal General - 2/27/07,Alderman 22nd Ward,August Sallas,354
1,2007 Municipal General - 2/27/07,Alderman 22nd Ward,Joaquin Salamanca,440
2,2007 Municipal General - 2/27/07,Alderman 22nd Ward,Ricardo Munoz,2466
3,2007 Municipal General - 2/27/07,Alderman 22nd Ward,Jose M Gutierrez,1079
0,2007 Municipal General - 2/27/07,Alderman 23rd Ward,Michael R. Zalewski,9479
1,2007 Municipal General - 2/27/07,Alderman 23rd Ward,Charles Maida,3896
0,2007 Municipal General - 2/27/07,Alderman 24th Ward,Thomas Worthy,899
1,2007 Municipal General - 2/27/07,Alderman 24th Ward,Michael D. Chandler,3053
2,2007 Municipal General - 2/27/07,Alderman 24th Ward,Julius Anderson,969
3,2007 Municipal General - 2/27/07,Alderman 24th Ward,Donald Patterson,895
4,2007 Municipal General - 2/27/07,Alderman 24th Ward,Sharon Denise Dixon,1707
5,2007 Municipal General - 2/27/07,Alderman 24th Ward,Willie G. Brooks,247
6,2007 Municipal General - 2/27/07,Alderman 24th Ward,Martavius ''Mark'' Carter,651
0,2007 Municipal General - 2/27/07,Alderman 25th Ward,Daniel ''Danny'' Solis,3522
1,2007 Municipal General - 2/27/07,Alderman 25th Ward,Cuahutemoc Morfin,1535
2,2007 Municipal General - 2/27/07,Alderman 25th Ward,Aaron Del Valle,329
3,2007 Municipal General - 2/27/07,Alderman 25th Ward,Juan M. Soliz,627
4,2007 Municipal General - 2/27/07,Alderman 25th Ward,Joe D. Acevedo,291
5,2007 Municipal General - 2/27/07,Alderman 25th Ward,Martha Padilla,550
0,2007 Municipal General - 2/27/07,Alderman 26th Ward,Billy Ocasio,3576
1,2007 Municipal General - 2/27/07,Alderman 26th Ward,Jesse D. Granato,868
2,2007 Municipal General - 2/27/07,Alderman 26th Ward,Samuel ''Sammy'' Maldonado,679
3,2007 Municipal General - 2/27/07,Alderman 26th Ward,Onix I. Vera,298
0,2007 Municipal General - 2/27/07,Alderman 27th Ward,"Walter Burnett, Jr.",5502
0,2007 Municipal General - 2/27/07,Alderman 28th Ward,Ed H. Smith,4518
1,2007 Municipal General - 2/27/07,Alderman 28th Ward,Chubby C. Rover,499
2,2007 Municipal General - 2/27/07,Alderman 28th Ward,Donald Greer,256
3,2007 Municipal General - 2/27/07,Alderman 28th Ward,CaSandra Colvin,295
4,2007 Municipal General - 2/27/07,Alderman 28th Ward,Shawn A. Walker,1809
5,2007 Municipal General - 2/27/07,Alderman 28th Ward,Alexzandual ''Alex'' M. Lyons,174
0,2007 Municipal General - 2/27/07,Alderman 29th Ward,Isaac ''Ike'' Sims Carothers,7836
0,2007 Municipal General - 2/27/07,Alderman 30th Ward,Wayne A. Strnad,617
1,2007 Municipal General - 2/27/07,Alderman 30th Ward,Ariel E. Reboyras,3514
2,2007 Municipal General - 2/27/07,Alderman 30th Ward,Jose Anthony Alvarez,883
0,2007 Municipal General - 2/27/07,Alderman 31st Ward,Regner ''Ray'' Suarez,4526
1,2007 Municipal General - 2/27/07,Alderman 31st Ward,Reinaldo ''Ray'' Hernandez,734
0,2007 Municipal General - 2/27/07,Alderman 32nd Ward,Scott Waguespack,3186
1,2007 Municipal General - 2/27/07,Alderman 32nd Ward,Ted Matlak,3799
2,2007 Municipal General - 2/27/07,Alderman 32nd Ward,Catherine A. Zaryczny,1122
0,2007 Municipal General - 2/27/07,Alderman 33rd Ward,Richard F. Mell,4590
0,2007 Municipal General - 2/27/07,Alderman 34th Ward,Carrie M. Austin,8529
1,2007 Municipal General - 2/27/07,Alderman 34th Ward,Henry Moses,1440
2,2007 Municipal General - 2/27/07,Alderman 34th Ward,Michael E. Mayden,857
3,2007 Municipal General - 2/27/07,Alderman 34th Ward,Bernard ''BK'' Kelly,1378
0,2007 Municipal General - 2/27/07,Alderman 35th Ward,Rey Colon,3046
1,2007 Municipal General - 2/27/07,Alderman 35th Ward,Vilma Colom,2224
2,2007 Municipal General - 2/27/07,Alderman 35th Ward,Miguel Sotomayor,1291
0,2007 Municipal General - 2/27/07,Alderman 36th Ward,Nicholas S. Sposato,2599
1,2007 Municipal General - 2/27/07,Alderman 36th Ward,William J.P. Banks,8315
0,2007 Municipal General - 2/27/07,Alderman 37th Ward,Emma M. Mitts,4485
1,2007 Municipal General - 2/27/07,Alderman 37th Ward,Daryl Jones,336
2,2007 Municipal General - 2/27/07,Alderman 37th Ward,Tommy O. Abina,512
3,2007 Municipal General - 2/27/07,Alderman 37th Ward,Percy Z. Giles,766
4,2007 Municipal General - 2/27/07,Alderman 37th Ward,Arlene P. Jones,282
5,2007 Municipal General - 2/27/07,Alderman 37th Ward,Eric P. McKennie,1190
0,2007 Municipal General - 2/27/07,Alderman 38th Ward,Thomas R. Allen,7335
0,2007 Municipal General - 2/27/07,Alderman 39th Ward,Margaret Laurino,6282
1,2007 Municipal General - 2/27/07,Alderman 39th Ward,Christopher J. Belz,1642
0,2007 Municipal General - 2/27/07,Alderman 40th Ward,Patrick J. O'Connor,5625
0,2007 Municipal General - 2/27/07,Alderman 41st Ward,Michael B. Hannon,1556
1,2007 Municipal General - 2/27/07,Alderman 41st Ward,Brian G. Doherty,10165
2,2007 Municipal General - 2/27/07,Alderman 41st Ward,Don Markham,2300
0,2007 Municipal General - 2/27/07,Alderman 42nd Ward,Brendan Reilly,6903
1,2007 Municipal General - 2/27/07,Alderman 42nd Ward,Burton F. Natarus,5808
0,2007 Municipal General - 2/27/07,Alderman 43rd Ward,Michele Smith,3089
1,2007 Municipal General - 2/27/07,Alderman 43rd Ward,Rachel Goodstein,271
2,2007 Municipal General - 2/27/07,Alderman 43rd Ward,Tim Egan,1086
3,2007 Municipal General - 2/27/07,Alderman 43rd Ward,Vi Daley,4474
4,2007 Municipal General - 2/27/07,Alderman 43rd Ward,Peter Zelchenko,387
0,2007 Municipal General - 2/27/07,Alderman 44th Ward,Tom Tunney,5824
0,2007 Municipal General - 2/27/07,Alderman 45th Ward,Patrick J. Levar,7389
1,2007 Municipal General - 2/27/07,Alderman 45th Ward,"Terrence W. Boyke, Jr.",4008
2,2007 Municipal General - 2/27/07,Alderman 45th Ward,Anna Klocek,1089
3,2007 Municipal General - 2/27/07,Alderman 45th Ward,Robert A. Bank,655
0,2007 Municipal General - 2/27/07,Alderman 46th Ward,James Cappleman,5287
1,2007 Municipal General - 2/27/07,Alderman 46th Ward,Helen Shiller,5987
0,2007 Municipal General - 2/27/07,Alderman 47th Ward,Gene Schulter,7255
1,2007 Municipal General - 2/27/07,Alderman 47th Ward,Martin P. Cooney,1984
0,2007 Municipal General - 2/27/07,Alderman 48th Ward,Mary Ann Smith,6747
0,2007 Municipal General - 2/27/07,Alderman 49th Ward,Joe Moore,3668
1,2007 Municipal General - 2/27/07,Alderman 49th Ward,Don Gordon,2171
2,2007 Municipal General - 2/27/07,Alderman 49th Ward,Jim Ginderske,943
3,2007 Municipal General - 2/27/07,Alderman 49th Ward,Chris Adams,659
0,2007 Municipal General - 2/27/07,Alderman 50th Ward,Bernard L. Stone,5069
1,2007 Municipal General - 2/27/07,Alderman 50th Ward,Naisy Dolar,2962
2,2007 Municipal General - 2/27/07,Alderman 50th Ward,Greg Brewer,1910
3,2007 Municipal General - 2/27/07,Alderman 50th Ward,Salman Aftab,548
0,2007 Municipal General - 2/27/07,Off-Street Parking Spaces W 02 All,Yes,7491
1,2007 Municipal General - 2/27/07,Off-Street Parking Spaces W 02 All,No,2289
0,2007 Municipal General - 2/27/07,Living Wage Ordinance W 12 All,Yes,3161
1,2007 Municipal General - 2/27/07,Living Wage Ordinance W 12 All,No,643
0,2007 Municipal General - 2/27/07,Stem Cell Research W 42 All,Yes,9756
1,2007 Municipal General - 2/27/07,Stem Cell Research W 42 All,No,1782
0,2007 Municipal General - 2/27/07,Living Wage Ordinance W 49 All,Yes,5090
1,2007 Municipal General - 2/27/07,Living Wage Ordinance W 49 All,No,1494
0,2015 Municipal Runoffs - 4/7/15,Mayor,RAHM EMANUEL,332171
1,2015 Municipal Runoffs - 4/7/15,Mayor,JESUS ''CHUY'' GARCIA,258562
0,2015 Municipal Runoffs - 4/7/15,Alderman 2nd Ward,BRIAN HOPKINS,7597
1,2015 Municipal Runoffs - 4/7/15,Alderman 2nd Ward,ALYX S. PATTISON,5819
0,2015 Municipal Runoffs - 4/7/15,Alderman 7th Ward,GREGORY I. MITCHELL,6798
1,2015 Municipal Runoffs - 4/7/15,Alderman 7th Ward,NATASHIA L. HOLMES,5237
0,2015 Municipal Runoffs - 4/7/15,Alderman 10th Ward,JOHN A. POPE,5805
1,2015 Municipal Runoffs - 4/7/15,Alderman 10th Ward,SUSAN SADLOWSKI GARZA,5825
0,2015 Municipal Runoffs - 4/7/15,Alderman 11th Ward,JOHN K. KOZLAR,5216
1,2015 Municipal Runoffs - 4/7/15,Alderman 11th Ward,PATRICK DALEY THOMPSON,7229
0,2015 Municipal Runoffs - 4/7/15,Alderman 15th Ward,RAYMOND A. LOPEZ,3596
1,2015 Municipal Runoffs - 4/7/15,Alderman 15th Ward,RAFAEL YANEZ,2606
0,2015 Municipal Runoffs - 4/7/15,Alderman 16th Ward,TONI L. FOULKES,3879
1,2015 Municipal Runoffs - 4/7/15,Alderman 16th Ward,STEPHANIE COLEMAN,3736
0,2015 Municipal Runoffs - 4/7/15,Alderman 18th Ward,LONA LANE,4688
1,2015 Municipal Runoffs - 4/7/15,Alderman 18th Ward,DERRICK G. CURTIS,9843
0,2015 Municipal Runoffs - 4/7/15,Alderman 20th Ward,WILLIE B. COCHRAN,4338
1,2015 Municipal Runoffs - 4/7/15,Alderman 20th Ward,KEVIN BAILEY,3489
0,2015 Municipal Runoffs - 4/7/15,Alderman 21st Ward,MARVIN MCNEIL,7261
1,2015 Municipal Runoffs - 4/7/15,Alderman 21st Ward,"HOWARD B. BROOKINS, JR.",7574
0,2015 Municipal Runoffs - 4/7/15,Alderman 24th Ward,VETRESS BOYCE,2579
1,2015 Municipal Runoffs - 4/7/15,Alderman 24th Ward,"MICHAEL SCOTT, JR.",5378
0,2015 Municipal Runoffs - 4/7/15,Alderman 29th Ward,DEBORAH L. GRAHAM,6262
1,2015 Municipal Runoffs - 4/7/15,Alderman 29th Ward,CHRIS TALIAFERRO,6702
0,2015 Municipal Runoffs - 4/7/15,Alderman 31st Ward,MILAGROS SANTIAGO,4218
1,2015 Municipal Runoffs - 4/7/15,Alderman 31st Ward,REGNER ''RAY'' SUAREZ,4139
0,2015 Municipal Runoffs - 4/7/15,Alderman 36th Ward,OMAR AQUINO,3656
1,2015 Municipal Runoffs - 4/7/15,Alderman 36th Ward,GILBERT VILLEGAS,4594
0,2015 Municipal Runoffs - 4/7/15,Alderman 37th Ward,EMMA M. MITTS,5340
1,2015 Municipal Runoffs - 4/7/15,Alderman 37th Ward,TARA STAMPS,4734
0,2015 Municipal Runoffs - 4/7/15,Alderman 41st Ward,MARY O'CONNOR,9087
1,2015 Municipal Runoffs - 4/7/15,Alderman 41st Ward,ANTHONY V. NAPOLITANO,9702
0,2015 Municipal Runoffs - 4/7/15,Alderman 43rd Ward,CAROLINE VICKREY,7153
1,2015 Municipal Runoffs - 4/7/15,Alderman 43rd Ward,MICHELE SMITH,7232
0,2015 Municipal Runoffs - 4/7/15,Alderman 45th Ward,JOHN GARRIDO,7263
1,2015 Municipal Runoffs - 4/7/15,Alderman 45th Ward,JOHN S. ARENA,8488
0,2015 Municipal Runoffs - 4/7/15,Alderman 46th Ward,JAMES CAPPLEMAN,7035
1,2015 Municipal Runoffs - 4/7/15,Alderman 46th Ward,AMY CRAWFORD,6065
